Production Order No.,Line No.,Item No.,Quantity,Unit of Measure,Location Code,Bin Code,EntryType,Date Time,User,Status,Error,Error Message
,1000,Row Labels,Count of Quantity,,,,,2025-05-14T19:18:50.827Z,DKIBOWEN,Pending,false,
P00_G1030_050425,2000,G0110,350,,,,Consumption,2025-05-14T19:18:50.827Z,DKIBOWEN,Pending,false,
P00_G1030_050425,3000,KG,350,,,,Consumption,2025-05-14T19:18:50.827Z,DKIBOWEN,Pending,false,
P00_G1030_050425,4000,G1030,350,,,,Output,2025-05-14T19:18:50.827Z,DKIBOWEN,Pending,false,
P00_G1030_050425,5000,KG,350,,,,Output,2025-05-14T19:18:50.827Z,DKIBOWEN,Pending,false,
P00_G1228_050425,6000,G0110,1,,,,Consumption,2025-05-14T19:18:50.827Z,DKIBOWEN,Pending,false,
P00_G1228_050425,7000,KG,1,,,,Consumption,2025-05-14T19:18:50.827Z,DKIBOWEN,Pending,false,
P00_G1228_050425,8000,G1228,1,,,,Output,2025-05-14T19:18:50.827Z,DKIBOWEN,Pending,false,
P00_G1228_050425,9000,KG,1,,,,Output,2025-05-14T19:18:50.827Z,DKIBOWEN,Pending,false,
P00_G1229_050425,10000,G0110,2,,,,Consumption,2025-05-14T19:18:50.827Z,DKIBOWEN,Pending,false,
P00_G1229_050425,11000,KG,2,,,,Consumption,2025-05-14T19:18:50.827Z,DKIBOWEN,Pending,false,
P00_G1229_050425,12000,G1229,2,,,,Output,2025-05-14T19:18:50.827Z,DKIBOWEN,Pending,false,
P00_G1229_050425,13000,KG,2,,,,Output,2025-05-14T19:18:50.827Z,DKIBOWEN,Pending,false,
P00_G1234_050425,14000,G0110,15,,,,Consumption,2025-05-14T19:18:50.827Z,DKIBOWEN,Pending,false,
P00_G1234_050425,15000,KG,15,,,,Consumption,2025-05-14T19:18:50.827Z,DKIBOWEN,Pending,false,
P00_G1234_050425,16000,G1234,15,,,,Output,2025-05-14T19:18:50.827Z,DKIBOWEN,Pending,false,
P00_G1234_050425,17000,KG,15,,,,Output,2025-05-14T19:18:50.827Z,DKIBOWEN,Pending,false,
P00_G1235_050425,18000,G0110,3,,,,Consumption,2025-05-14T19:18:50.827Z,DKIBOWEN,Pending,false,
P00_G1235_050425,19000,KG,3,,,,Consumption,2025-05-14T19:18:50.827Z,DKIBOWEN,Pending,false,
P00_G1235_050425,20000,G1235,3,,,,Output,2025-05-14T19:18:50.827Z,DKIBOWEN,Pending,false,
P00_G1235_050425,21000,KG,3,,,,Output,2025-05-14T19:18:50.827Z,DKIBOWEN,Pending,false,
P00_G1236_050425,22000,G0110,9,,,,Consumption,2025-05-14T19:18:50.827Z,DKIBOWEN,Pending,false,
P00_G1236_050425,23000,KG,9,,,,Consumption,2025-05-14T19:18:50.827Z,DKIBOWEN,Pending,false,
P00_G1236_050425,24000,G1236,9,,,,Output,2025-05-14T19:18:50.827Z,DKIBOWEN,Pending,false,
P00_G1236_050425,25000,KG,9,,,,Output,2025-05-14T19:18:50.827Z,DKIBOWEN,Pending,false,
P00_G1238_050425,26000,G0110,3,,,,Consumption,2025-05-14T19:18:50.827Z,DKIBOWEN,Pending,false,
P00_G1238_050425,27000,KG,3,,,,Consumption,2025-05-14T19:18:50.827Z,DKIBOWEN,Pending,false,
P00_G1238_050425,28000,G1238,3,,,,Output,2025-05-14T19:18:50.827Z,DKIBOWEN,Pending,false,
P00_G1238_050425,29000,KG,3,,,,Output,2025-05-14T19:18:50.827Z,DKIBOWEN,Pending,false,
P00_G1251_050425,30000,G0110,3,,,,Consumption,2025-05-14T19:18:50.827Z,DKIBOWEN,Pending,false,
P00_G1251_050425,31000,KG,3,,,,Consumption,2025-05-14T19:18:50.827Z,DKIBOWEN,Pending,false,
P00_G1251_050425,32000,G1251,3,,,,Output,2025-05-14T19:18:50.827Z,DKIBOWEN,Pending,false,
P00_G1251_050425,33000,KG,3,,,,Output,2025-05-14T19:18:50.827Z,DKIBOWEN,Pending,false,
P00_G1251_050425,34000,P01_G1031_050425,2,,,,Output,2025-05-14T19:18:50.827Z,DKIBOWEN,Pending,false,
P00_G1251_050425,35000,G0111,1,,,,Consumption,2025-05-14T19:18:50.827Z,DKIBOWEN,Pending,false,
P00_G1251_050425,36000,KG,1,,,,Consumption,2025-05-14T19:18:50.827Z,DKIBOWEN,Pending,false,
P00_G1251_050425,37000,G1031,1,,,,Output,2025-05-14T19:18:50.827Z,DKIBOWEN,Pending,false,
P00_G1251_050425,38000,KG,1,,,,Output,2025-05-14T19:18:50.827Z,DKIBOWEN,Pending,false,
P00_G1251_050425,39000,P01_G1234_050425,2,,,,Output,2025-05-14T19:18:50.827Z,DKIBOWEN,Pending,false,
P00_G1251_050425,40000,G0111,1,,,,Consumption,2025-05-14T19:18:50.827Z,DKIBOWEN,Pending,false,
P00_G1251_050425,41000,KG,1,,,,Consumption,2025-05-14T19:18:50.827Z,DKIBOWEN,Pending,false,
P00_G1251_050425,42000,G1234,1,,,,Output,2025-05-14T19:18:50.827Z,DKIBOWEN,Pending,false,
P00_G1251_050425,43000,KG,1,,,,Output,2025-05-14T19:18:50.827Z,DKIBOWEN,Pending,false,
P00_G1251_050425,44000,P01_G1235_050425,2,,,,Output,2025-05-14T19:18:50.827Z,DKIBOWEN,Pending,false,
P00_G1251_050425,45000,G0111,1,,,,Consumption,2025-05-14T19:18:50.827Z,DKIBOWEN,Pending,false,
P00_G1251_050425,46000,KG,1,,,,Consumption,2025-05-14T19:18:50.827Z,DKIBOWEN,Pending,false,
P00_G1251_050425,47000,G1235,1,,,,Output,2025-05-14T19:18:50.827Z,DKIBOWEN,Pending,false,
P00_G1251_050425,48000,KG,1,,,,Output,2025-05-14T19:18:50.827Z,DKIBOWEN,Pending,false,
P00_G1251_050425,49000,P01_G1236_050425,2,,,,Output,2025-05-14T19:18:50.827Z,DKIBOWEN,Pending,false,
P00_G1251_050425,50000,G0111,1,,,,Consumption,2025-05-14T19:18:50.827Z,DKIBOWEN,Pending,false,
P00_G1251_050425,51000,KG,1,,,,Consumption,2025-05-14T19:18:50.827Z,DKIBOWEN,Pending,false,
P00_G1251_050425,52000,G1236,1,,,,Output,2025-05-14T19:18:50.827Z,DKIBOWEN,Pending,false,
P00_G1251_050425,53000,KG,1,,,,Output,2025-05-14T19:18:50.827Z,DKIBOWEN,Pending,false,
P00_G1251_050425,54000,P01_G1238_050425,2,,,,Output,2025-05-14T19:18:50.827Z,DKIBOWEN,Pending,false,
P00_G1251_050425,55000,G0111,1,,,,Consumption,2025-05-14T19:18:50.827Z,DKIBOWEN,Pending,false,
P00_G1251_050425,56000,KG,1,,,,Consumption,2025-05-14T19:18:50.827Z,DKIBOWEN,Pending,false,
P00_G1251_050425,57000,G1238,1,,,,Output,2025-05-14T19:18:50.827Z,DKIBOWEN,Pending,false,
P00_G1251_050425,58000,KG,1,,,,Output,2025-05-14T19:18:50.827Z,DKIBOWEN,Pending,false,
P00_G1251_050425,59000,P02_G1100_050425,292,,,,Output,2025-05-14T19:18:50.827Z,DKIBOWEN,Pending,false,
P00_G1251_050425,60000,G1030,146,,,,Consumption,2025-05-14T19:18:50.827Z,DKIBOWEN,Pending,false,
P00_G1251_050425,61000,KG,146,,,,Consumption,2025-05-14T19:18:50.827Z,DKIBOWEN,Pending,false,
P00_G1251_050425,62000,G1100,146,,,,Output,2025-05-14T19:18:50.827Z,DKIBOWEN,Pending,false,
P00_G1251_050425,63000,KG,146,,,,Output,2025-05-14T19:18:50.827Z,DKIBOWEN,Pending,false,
P00_G1251_050425,64000,P02_G1101_050425,292,,,,Output,2025-05-14T19:18:50.827Z,DKIBOWEN,Pending,false,
P00_G1251_050425,65000,G1030,146,,,,Consumption,2025-05-14T19:18:50.827Z,DKIBOWEN,Pending,false,
P00_G1251_050425,66000,KG,146,,,,Consumption,2025-05-14T19:18:50.827Z,DKIBOWEN,Pending,false,
P00_G1251_050425,67000,G1101,146,,,,Output,2025-05-14T19:18:50.827Z,DKIBOWEN,Pending,false,
P00_G1251_050425,68000,KG,146,,,,Output,2025-05-14T19:18:50.827Z,DKIBOWEN,Pending,false,
P00_G1251_050425,69000,P02_G1102_050425,292,,,,Output,2025-05-14T19:18:50.827Z,DKIBOWEN,Pending,false,
P00_G1251_050425,70000,G1030,146,,,,Consumption,2025-05-14T19:18:50.827Z,DKIBOWEN,Pending,false,
P00_G1251_050425,71000,KG,146,,,,Consumption,2025-05-14T19:18:50.827Z,DKIBOWEN,Pending,false,
P00_G1251_050425,72000,G1102,146,,,,Output,2025-05-14T19:18:50.827Z,DKIBOWEN,Pending,false,
P00_G1251_050425,73000,KG,146,,,,Output,2025-05-14T19:18:50.827Z,DKIBOWEN,Pending,false,
P00_G1251_050425,74000,P02_G1242_050425,12,,,,Output,2025-05-14T19:18:50.827Z,DKIBOWEN,Pending,false,
P00_G1251_050425,75000,G1030,6,,,,Consumption,2025-05-14T19:18:50.827Z,DKIBOWEN,Pending,false,
P00_G1251_050425,76000,KG,6,,,,Consumption,2025-05-14T19:18:50.827Z,DKIBOWEN,Pending,false,
P00_G1251_050425,77000,G1242,6,,,,Output,2025-05-14T19:18:50.827Z,DKIBOWEN,Pending,false,
P00_G1251_050425,78000,KG,6,,,,Output,2025-05-14T19:18:50.827Z,DKIBOWEN,Pending,false,
P00_G1251_050425,79000,P02_G1243_050425,36,,,,Output,2025-05-14T19:18:50.827Z,DKIBOWEN,Pending,false,
P00_G1251_050425,80000,G1030,18,,,,Consumption,2025-05-14T19:18:50.827Z,DKIBOWEN,Pending,false,
P00_G1251_050425,81000,KG,18,,,,Consumption,2025-05-14T19:18:50.827Z,DKIBOWEN,Pending,false,
P00_G1251_050425,82000,G1243,18,,,,Output,2025-05-14T19:18:50.827Z,DKIBOWEN,Pending,false,
P00_G1251_050425,83000,KG,18,,,,Output,2025-05-14T19:18:50.827Z,DKIBOWEN,Pending,false,
P00_G1251_050425,84000,P03_G1108_050425,2,,,,Output,2025-05-14T19:18:50.827Z,DKIBOWEN,Pending,false,
P00_G1251_050425,85000,G1031,1,,,,Consumption,2025-05-14T19:18:50.827Z,DKIBOWEN,Pending,false,
P00_G1251_050425,86000,KG,1,,,,Consumption,2025-05-14T19:18:50.827Z,DKIBOWEN,Pending,false,
P00_G1251_050425,87000,G1108,1,,,,Output,2025-05-14T19:18:50.827Z,DKIBOWEN,Pending,false,
P00_G1251_050425,88000,KG,1,,,,Output,2025-05-14T19:18:50.827Z,DKIBOWEN,Pending,false,
P00_G1251_050425,89000,P03_G1109_050425,2,,,,Output,2025-05-14T19:18:50.827Z,DKIBOWEN,Pending,false,
P00_G1251_050425,90000,G1031,1,,,,Consumption,2025-05-14T19:18:50.827Z,DKIBOWEN,Pending,false,
P00_G1251_050425,91000,KG,1,,,,Consumption,2025-05-14T19:18:50.827Z,DKIBOWEN,Pending,false,
P00_G1251_050425,92000,G1109,1,,,,Output,2025-05-14T19:18:50.827Z,DKIBOWEN,Pending,false,
P00_G1251_050425,93000,KG,1,,,,Output,2025-05-14T19:18:50.827Z,DKIBOWEN,Pending,false,
P00_G1251_050425,94000,P03_G1110_050425,2,,,,Output,2025-05-14T19:18:50.827Z,DKIBOWEN,Pending,false,
P00_G1251_050425,95000,G1031,1,,,,Consumption,2025-05-14T19:18:50.827Z,DKIBOWEN,Pending,false,
P00_G1251_050425,96000,KG,1,,,,Consumption,2025-05-14T19:18:50.827Z,DKIBOWEN,Pending,false,
P00_G1251_050425,97000,G1110,1,,,,Output,2025-05-14T19:18:50.827Z,DKIBOWEN,Pending,false,
P00_G1251_050425,98000,KG,1,,,,Output,2025-05-14T19:18:50.827Z,DKIBOWEN,Pending,false,
P00_G1251_050425,99000,P04_G1121_050425,22,,,,Output,2025-05-14T19:18:50.827Z,DKIBOWEN,Pending,false,
P00_G1251_050425,100000,G1100,11,,,,Consumption,2025-05-14T19:18:50.827Z,DKIBOWEN,Pending,false,
P00_G1251_050425,101000,KG,11,,,,Consumption,2025-05-14T19:18:50.827Z,DKIBOWEN,Pending,false,
P00_G1251_050425,102000,G1121,11,,,,Output,2025-05-14T19:18:50.827Z,DKIBOWEN,Pending,false,
P00_G1251_050425,103000,KG,11,,,,Output,2025-05-14T19:18:50.827Z,DKIBOWEN,Pending,false,
P00_G1251_050425,104000,P04_G1123_050425,2,,,,Output,2025-05-14T19:18:50.827Z,DKIBOWEN,Pending,false,
P00_G1251_050425,105000,G1100,1,,,,Consumption,2025-05-14T19:18:50.827Z,DKIBOWEN,Pending,false,
P00_G1251_050425,106000,KG,1,,,,Consumption,2025-05-14T19:18:50.827Z,DKIBOWEN,Pending,false,
P00_G1251_050425,107000,G1123,1,,,,Output,2025-05-14T19:18:50.827Z,DKIBOWEN,Pending,false,
P00_G1251_050425,108000,KG,1,,,,Output,2025-05-14T19:18:50.827Z,DKIBOWEN,Pending,false,
P00_G1251_050425,109000,P04_G1125_050425,8,,,,Output,2025-05-14T19:18:50.827Z,DKIBOWEN,Pending,false,
P00_G1251_050425,110000,G1100,4,,,,Consumption,2025-05-14T19:18:50.827Z,DKIBOWEN,Pending,false,
P00_G1251_050425,111000,KG,4,,,,Consumption,2025-05-14T19:18:50.827Z,DKIBOWEN,Pending,false,
P00_G1251_050425,112000,G1125,4,,,,Output,2025-05-14T19:18:50.827Z,DKIBOWEN,Pending,false,
P00_G1251_050425,113000,KG,4,,,,Output,2025-05-14T19:18:50.827Z,DKIBOWEN,Pending,false,
P00_G1251_050425,114000,P04_G1126_050425,296,,,,Output,2025-05-14T19:18:50.827Z,DKIBOWEN,Pending,false,
P00_G1251_050425,115000,G1100,148,,,,Consumption,2025-05-14T19:18:50.827Z,DKIBOWEN,Pending,false,
P00_G1251_050425,116000,KG,148,,,,Consumption,2025-05-14T19:18:50.827Z,DKIBOWEN,Pending,false,
P00_G1251_050425,117000,G1126,148,,,,Output,2025-05-14T19:18:50.827Z,DKIBOWEN,Pending,false,
P00_G1251_050425,118000,KG,148,,,,Output,2025-05-14T19:18:50.827Z,DKIBOWEN,Pending,false,
P00_G1251_050425,119000,P04_G1132_050425,2,,,,Output,2025-05-14T19:18:50.827Z,DKIBOWEN,Pending,false,
P00_G1251_050425,120000,G1100,1,,,,Consumption,2025-05-14T19:18:50.827Z,DKIBOWEN,Pending,false,
P00_G1251_050425,121000,KG,1,,,,Consumption,2025-05-14T19:18:50.827Z,DKIBOWEN,Pending,false,
P00_G1251_050425,122000,G1132,1,,,,Output,2025-05-14T19:18:50.827Z,DKIBOWEN,Pending,false,
P00_G1251_050425,123000,KG,1,,,,Output,2025-05-14T19:18:50.827Z,DKIBOWEN,Pending,false,
P00_G1251_050425,124000,P04_G1137_050425,18,,,,Output,2025-05-14T19:18:50.827Z,DKIBOWEN,Pending,false,
P00_G1251_050425,125000,G1100,9,,,,Consumption,2025-05-14T19:18:50.827Z,DKIBOWEN,Pending,false,
P00_G1251_050425,126000,KG,9,,,,Consumption,2025-05-14T19:18:50.827Z,DKIBOWEN,Pending,false,
P00_G1251_050425,127000,G1137,9,,,,Output,2025-05-14T19:18:50.827Z,DKIBOWEN,Pending,false,
P00_G1251_050425,128000,KG,9,,,,Output,2025-05-14T19:18:50.827Z,DKIBOWEN,Pending,false,
P00_G1251_050425,129000,P04_G1229_050425,8,,,,Output,2025-05-14T19:18:50.827Z,DKIBOWEN,Pending,false,
P00_G1251_050425,130000,G1100,4,,,,Consumption,2025-05-14T19:18:50.827Z,DKIBOWEN,Pending,false,
P00_G1251_050425,131000,KG,4,,,,Consumption,2025-05-14T19:18:50.827Z,DKIBOWEN,Pending,false,
P00_G1251_050425,132000,G1229,4,,,,Output,2025-05-14T19:18:50.827Z,DKIBOWEN,Pending,false,
P00_G1251_050425,133000,KG,4,,,,Output,2025-05-14T19:18:50.827Z,DKIBOWEN,Pending,false,
P00_G1251_050425,134000,P04_G1231_050425,60,,,,Output,2025-05-14T19:18:50.827Z,DKIBOWEN,Pending,false,
P00_G1251_050425,135000,G1100,30,,,,Consumption,2025-05-14T19:18:50.827Z,DKIBOWEN,Pending,false,
P00_G1251_050425,136000,KG,30,,,,Consumption,2025-05-14T19:18:50.827Z,DKIBOWEN,Pending,false,
P00_G1251_050425,137000,G1231,30,,,,Output,2025-05-14T19:18:50.827Z,DKIBOWEN,Pending,false,
P00_G1251_050425,138000,KG,30,,,,Output,2025-05-14T19:18:50.827Z,DKIBOWEN,Pending,false,
P00_G1251_050425,139000,P04_G1334_050425,26,,,,Output,2025-05-14T19:18:50.827Z,DKIBOWEN,Pending,false,
P00_G1251_050425,140000,G1100,13,,,,Consumption,2025-05-14T19:18:50.827Z,DKIBOWEN,Pending,false,
P00_G1251_050425,141000,KG,13,,,,Consumption,2025-05-14T19:18:50.827Z,DKIBOWEN,Pending,false,
P00_G1251_050425,142000,G1334,13,,,,Output,2025-05-14T19:18:50.827Z,DKIBOWEN,Pending,false,
P00_G1251_050425,143000,KG,13,,,,Output,2025-05-14T19:18:50.827Z,DKIBOWEN,Pending,false,
P00_G1251_050425,144000,P05_G1189_050425,70,,,,Output,2025-05-14T19:18:50.827Z,DKIBOWEN,Pending,false,
P00_G1251_050425,145000,G1102,35,,,,Consumption,2025-05-14T19:18:50.827Z,DKIBOWEN,Pending,false,
P00_G1251_050425,146000,KG,35,,,,Consumption,2025-05-14T19:18:50.827Z,DKIBOWEN,Pending,false,
P00_G1251_050425,147000,G1189,35,,,,Output,2025-05-14T19:18:50.827Z,DKIBOWEN,Pending,false,
P00_G1251_050425,148000,KG,35,,,,Output,2025-05-14T19:18:50.827Z,DKIBOWEN,Pending,false,
P00_G1251_050425,149000,P05_G1191_050425,22,,,,Output,2025-05-14T19:18:50.827Z,DKIBOWEN,Pending,false,
P00_G1251_050425,150000,G1102,11,,,,Consumption,2025-05-14T19:18:50.827Z,DKIBOWEN,Pending,false,
P00_G1251_050425,151000,KG,11,,,,Consumption,2025-05-14T19:18:50.827Z,DKIBOWEN,Pending,false,
P00_G1251_050425,152000,G1191,11,,,,Output,2025-05-14T19:18:50.827Z,DKIBOWEN,Pending,false,
P00_G1251_050425,153000,KG,11,,,,Output,2025-05-14T19:18:50.827Z,DKIBOWEN,Pending,false,
P00_G1251_050425,154000,P05_G1194_050425,46,,,,Output,2025-05-14T19:18:50.827Z,DKIBOWEN,Pending,false,
P00_G1251_050425,155000,G1102,23,,,,Consumption,2025-05-14T19:18:50.827Z,DKIBOWEN,Pending,false,
P00_G1251_050425,156000,KG,23,,,,Consumption,2025-05-14T19:18:50.827Z,DKIBOWEN,Pending,false,
P00_G1251_050425,157000,G1194,23,,,,Output,2025-05-14T19:18:50.827Z,DKIBOWEN,Pending,false,
P00_G1251_050425,158000,KG,23,,,,Output,2025-05-14T19:18:50.827Z,DKIBOWEN,Pending,false,
P00_G1251_050425,159000,P05_G1195_050425,38,,,,Output,2025-05-14T19:18:50.827Z,DKIBOWEN,Pending,false,
P00_G1251_050425,160000,G1102,19,,,,Consumption,2025-05-14T19:18:50.827Z,DKIBOWEN,Pending,false,
P00_G1251_050425,161000,KG,19,,,,Consumption,2025-05-14T19:18:50.827Z,DKIBOWEN,Pending,false,
P00_G1251_050425,162000,G1195,19,,,,Output,2025-05-14T19:18:50.827Z,DKIBOWEN,Pending,false,
P00_G1251_050425,163000,KG,19,,,,Output,2025-05-14T19:18:50.827Z,DKIBOWEN,Pending,false,
P00_G1251_050425,164000,P05_G1196_050425,50,,,,Output,2025-05-14T19:18:50.827Z,DKIBOWEN,Pending,false,
P00_G1251_050425,165000,G1102,25,,,,Consumption,2025-05-14T19:18:50.827Z,DKIBOWEN,Pending,false,
P00_G1251_050425,166000,KG,25,,,,Consumption,2025-05-14T19:18:50.827Z,DKIBOWEN,Pending,false,
P00_G1251_050425,167000,G1196,25,,,,Output,2025-05-14T19:18:50.827Z,DKIBOWEN,Pending,false,
P00_G1251_050425,168000,KG,25,,,,Output,2025-05-14T19:18:50.827Z,DKIBOWEN,Pending,false,
P00_G1251_050425,169000,P05_G1197_050425,40,,,,Output,2025-05-14T19:18:50.827Z,DKIBOWEN,Pending,false,
P00_G1251_050425,170000,G1102,20,,,,Consumption,2025-05-14T19:18:50.827Z,DKIBOWEN,Pending,false,
P00_G1251_050425,171000,KG,20,,,,Consumption,2025-05-14T19:18:50.827Z,DKIBOWEN,Pending,false,
P00_G1251_050425,172000,G1197,20,,,,Output,2025-05-14T19:18:50.827Z,DKIBOWEN,Pending,false,
P00_G1251_050425,173000,KG,20,,,,Output,2025-05-14T19:18:50.827Z,DKIBOWEN,Pending,false,
P00_G1251_050425,174000,P05_G1224_050425,6,,,,Output,2025-05-14T19:18:50.827Z,DKIBOWEN,Pending,false,
P00_G1251_050425,175000,G1102,3,,,,Consumption,2025-05-14T19:18:50.827Z,DKIBOWEN,Pending,false,
P00_G1251_050425,176000,KG,3,,,,Consumption,2025-05-14T19:18:50.827Z,DKIBOWEN,Pending,false,
P00_G1251_050425,177000,G1224,3,,,,Output,2025-05-14T19:18:50.827Z,DKIBOWEN,Pending,false,
P00_G1251_050425,178000,KG,3,,,,Output,2025-05-14T19:18:50.827Z,DKIBOWEN,Pending,false,
P00_G1251_050425,179000,P05_G1225_050425,60,,,,Output,2025-05-14T19:18:50.827Z,DKIBOWEN,Pending,false,
P00_G1251_050425,180000,G1102,30,,,,Consumption,2025-05-14T19:18:50.827Z,DKIBOWEN,Pending,false,
P00_G1251_050425,181000,KG,30,,,,Consumption,2025-05-14T19:18:50.827Z,DKIBOWEN,Pending,false,
P00_G1251_050425,182000,G1225,30,,,,Output,2025-05-14T19:18:50.827Z,DKIBOWEN,Pending,false,
P00_G1251_050425,183000,KG,30,,,,Output,2025-05-14T19:18:50.827Z,DKIBOWEN,Pending,false,
P00_G1251_050425,184000,P05_G1229_050425,16,,,,Output,2025-05-14T19:18:50.827Z,DKIBOWEN,Pending,false,
P00_G1251_050425,185000,G1102,8,,,,Consumption,2025-05-14T19:18:50.827Z,DKIBOWEN,Pending,false,
P00_G1251_050425,186000,KG,8,,,,Consumption,2025-05-14T19:18:50.827Z,DKIBOWEN,Pending,false,
P00_G1251_050425,187000,G1229,8,,,,Output,2025-05-14T19:18:50.827Z,DKIBOWEN,Pending,false,
P00_G1251_050425,188000,KG,8,,,,Output,2025-05-14T19:18:50.827Z,DKIBOWEN,Pending,false,
P00_G1251_050425,189000,P05_G1230_050425,84,,,,Output,2025-05-14T19:18:50.827Z,DKIBOWEN,Pending,false,
P00_G1251_050425,190000,G1102,42,,,,Consumption,2025-05-14T19:18:50.827Z,DKIBOWEN,Pending,false,
P00_G1251_050425,191000,KG,42,,,,Consumption,2025-05-14T19:18:50.827Z,DKIBOWEN,Pending,false,
P00_G1251_050425,192000,G1230,42,,,,Output,2025-05-14T19:18:50.827Z,DKIBOWEN,Pending,false,
P00_G1251_050425,193000,KG,42,,,,Output,2025-05-14T19:18:50.827Z,DKIBOWEN,Pending,false,
P00_G1251_050425,194000,P05_G1334_050425,64,,,,Output,2025-05-14T19:18:50.827Z,DKIBOWEN,Pending,false,
P00_G1251_050425,195000,G1102,32,,,,Consumption,2025-05-14T19:18:50.827Z,DKIBOWEN,Pending,false,
P00_G1251_050425,196000,KG,32,,,,Consumption,2025-05-14T19:18:50.827Z,DKIBOWEN,Pending,false,
P00_G1251_050425,197000,G1334,32,,,,Output,2025-05-14T19:18:50.827Z,DKIBOWEN,Pending,false,
P00_G1251_050425,198000,KG,32,,,,Output,2025-05-14T19:18:50.827Z,DKIBOWEN,Pending,false,
P00_G1251_050425,199000,P06_G1160_050425,6,,,,Output,2025-05-14T19:18:50.827Z,DKIBOWEN,Pending,false,
P00_G1251_050425,200000,G1101,3,,,,Consumption,2025-05-14T19:18:50.827Z,DKIBOWEN,Pending,false,
P00_G1251_050425,201000,KG,3,,,,Consumption,2025-05-14T19:18:50.827Z,DKIBOWEN,Pending,false,
P00_G1251_050425,202000,G1160,3,,,,Output,2025-05-14T19:18:50.827Z,DKIBOWEN,Pending,false,
P00_G1251_050425,203000,KG,3,,,,Output,2025-05-14T19:18:50.827Z,DKIBOWEN,Pending,false,
P00_G1251_050425,204000,P06_G1161_050425,12,,,,Output,2025-05-14T19:18:50.827Z,DKIBOWEN,Pending,false,
P00_G1251_050425,205000,G1101,6,,,,Consumption,2025-05-14T19:18:50.827Z,DKIBOWEN,Pending,false,
P00_G1251_050425,206000,KG,6,,,,Consumption,2025-05-14T19:18:50.827Z,DKIBOWEN,Pending,false,
P00_G1251_050425,207000,G1161,6,,,,Output,2025-05-14T19:18:50.827Z,DKIBOWEN,Pending,false,
P00_G1251_050425,208000,KG,6,,,,Output,2025-05-14T19:18:50.827Z,DKIBOWEN,Pending,false,
P00_G1251_050425,209000,P06_G1162_050425,84,,,,Output,2025-05-14T19:18:50.827Z,DKIBOWEN,Pending,false,
P00_G1251_050425,210000,G1101,42,,,,Consumption,2025-05-14T19:18:50.827Z,DKIBOWEN,Pending,false,
P00_G1251_050425,211000,KG,42,,,,Consumption,2025-05-14T19:18:50.827Z,DKIBOWEN,Pending,false,
P00_G1251_050425,212000,G1162,42,,,,Output,2025-05-14T19:18:50.827Z,DKIBOWEN,Pending,false,
P00_G1251_050425,213000,KG,42,,,,Output,2025-05-14T19:18:50.827Z,DKIBOWEN,Pending,false,
P00_G1251_050425,214000,P06_G1164_050425,222,,,,Output,2025-05-14T19:18:50.827Z,DKIBOWEN,Pending,false,
P00_G1251_050425,215000,G1101,111,,,,Consumption,2025-05-14T19:18:50.827Z,DKIBOWEN,Pending,false,
P00_G1251_050425,216000,KG,111,,,,Consumption,2025-05-14T19:18:50.827Z,DKIBOWEN,Pending,false,
P00_G1251_050425,217000,G1164,111,,,,Output,2025-05-14T19:18:50.827Z,DKIBOWEN,Pending,false,
P00_G1251_050425,218000,KG,111,,,,Output,2025-05-14T19:18:50.827Z,DKIBOWEN,Pending,false,
P00_G1251_050425,219000,P06_G1168_050425,96,,,,Output,2025-05-14T19:18:50.827Z,DKIBOWEN,Pending,false,
P00_G1251_050425,220000,G1101,48,,,,Consumption,2025-05-14T19:18:50.827Z,DKIBOWEN,Pending,false,
P00_G1251_050425,221000,KG,48,,,,Consumption,2025-05-14T19:18:50.827Z,DKIBOWEN,Pending,false,
P00_G1251_050425,222000,G1168,48,,,,Output,2025-05-14T19:18:50.827Z,DKIBOWEN,Pending,false,
P00_G1251_050425,223000,KG,48,,,,Output,2025-05-14T19:18:50.827Z,DKIBOWEN,Pending,false,
P00_G1251_050425,224000,P06_G1227_050425,2,,,,Output,2025-05-14T19:18:50.827Z,DKIBOWEN,Pending,false,
P00_G1251_050425,225000,G1101,1,,,,Consumption,2025-05-14T19:18:50.827Z,DKIBOWEN,Pending,false,
P00_G1251_050425,226000,KG,1,,,,Consumption,2025-05-14T19:18:50.827Z,DKIBOWEN,Pending,false,
P00_G1251_050425,227000,G1227,1,,,,Output,2025-05-14T19:18:50.827Z,DKIBOWEN,Pending,false,
P00_G1251_050425,228000,KG,1,,,,Output,2025-05-14T19:18:50.827Z,DKIBOWEN,Pending,false,
P00_G1251_050425,229000,P06_G1229_050425,14,,,,Output,2025-05-14T19:18:50.827Z,DKIBOWEN,Pending,false,
P00_G1251_050425,230000,G1101,7,,,,Consumption,2025-05-14T19:18:50.827Z,DKIBOWEN,Pending,false,
P00_G1251_050425,231000,KG,7,,,,Consumption,2025-05-14T19:18:50.827Z,DKIBOWEN,Pending,false,
P00_G1251_050425,232000,G1229,7,,,,Output,2025-05-14T19:18:50.827Z,DKIBOWEN,Pending,false,
P00_G1251_050425,233000,KG,7,,,,Output,2025-05-14T19:18:50.827Z,DKIBOWEN,Pending,false,
P00_G1251_050425,234000,P06_G1230_050425,34,,,,Output,2025-05-14T19:18:50.827Z,DKIBOWEN,Pending,false,
P00_G1251_050425,235000,G1101,17,,,,Consumption,2025-05-14T19:18:50.827Z,DKIBOWEN,Pending,false,
P00_G1251_050425,236000,KG,17,,,,Consumption,2025-05-14T19:18:50.827Z,DKIBOWEN,Pending,false,
P00_G1251_050425,237000,G1230,17,,,,Output,2025-05-14T19:18:50.827Z,DKIBOWEN,Pending,false,
P00_G1251_050425,238000,KG,17,,,,Output,2025-05-14T19:18:50.827Z,DKIBOWEN,Pending,false,
P00_G1251_050425,239000,P06_G1231_050425,34,,,,Output,2025-05-14T19:18:50.827Z,DKIBOWEN,Pending,false,
P00_G1251_050425,240000,G1101,17,,,,Consumption,2025-05-14T19:18:50.827Z,DKIBOWEN,Pending,false,
P00_G1251_050425,241000,KG,17,,,,Consumption,2025-05-14T19:18:50.827Z,DKIBOWEN,Pending,false,
P00_G1251_050425,242000,G1231,17,,,,Output,2025-05-14T19:18:50.827Z,DKIBOWEN,Pending,false,
P00_G1251_050425,243000,KG,17,,,,Output,2025-05-14T19:18:50.827Z,DKIBOWEN,Pending,false,
P00_G1251_050425,244000,P06_G1246_050425,20,,,,Output,2025-05-14T19:18:50.827Z,DKIBOWEN,Pending,false,
P00_G1251_050425,245000,G1101,10,,,,Consumption,2025-05-14T19:18:50.827Z,DKIBOWEN,Pending,false,
P00_G1251_050425,246000,KG,10,,,,Consumption,2025-05-14T19:18:50.827Z,DKIBOWEN,Pending,false,
P00_G1251_050425,247000,G1246,10,,,,Output,2025-05-14T19:18:50.827Z,DKIBOWEN,Pending,false,
P00_G1251_050425,248000,KG,10,,,,Output,2025-05-14T19:18:50.827Z,DKIBOWEN,Pending,false,
P00_G1251_050425,249000,P06_G1334_050425,30,,,,Output,2025-05-14T19:18:50.827Z,DKIBOWEN,Pending,false,
P00_G1251_050425,250000,G1101,15,,,,Consumption,2025-05-14T19:18:50.827Z,DKIBOWEN,Pending,false,
P00_G1251_050425,251000,KG,15,,,,Consumption,2025-05-14T19:18:50.827Z,DKIBOWEN,Pending,false,
P00_G1251_050425,252000,G1334,15,,,,Output,2025-05-14T19:18:50.827Z,DKIBOWEN,Pending,false,
P00_G1251_050425,253000,KG,15,,,,Output,2025-05-14T19:18:50.827Z,DKIBOWEN,Pending,false,
P00_G1251_050425,254000,P07_G1242_050425,2,,,,Output,2025-05-14T19:18:50.827Z,DKIBOWEN,Pending,false,
P00_G1251_050425,255000,G1108,1,,,,Consumption,2025-05-14T19:18:50.827Z,DKIBOWEN,Pending,false,
P00_G1251_050425,256000,KG,1,,,,Consumption,2025-05-14T19:18:50.827Z,DKIBOWEN,Pending,false,
P00_G1251_050425,257000,G1242,1,,,,Output,2025-05-14T19:18:50.827Z,DKIBOWEN,Pending,false,
P00_G1251_050425,258000,KG,1,,,,Output,2025-05-14T19:18:50.827Z,DKIBOWEN,Pending,false,
P00_G1251_050425,259000,P07_G1243_050425,2,,,,Output,2025-05-14T19:18:50.827Z,DKIBOWEN,Pending,false,
P00_G1251_050425,260000,G1108,1,,,,Consumption,2025-05-14T19:18:50.827Z,DKIBOWEN,Pending,false,
P00_G1251_050425,261000,KG,1,,,,Consumption,2025-05-14T19:18:50.827Z,DKIBOWEN,Pending,false,
P00_G1251_050425,262000,G1243,1,,,,Output,2025-05-14T19:18:50.827Z,DKIBOWEN,Pending,false,
P00_G1251_050425,263000,KG,1,,,,Output,2025-05-14T19:18:50.827Z,DKIBOWEN,Pending,false,
P00_G1251_050425,264000,P07_G1319_050425,6,,,,Output,2025-05-14T19:18:50.827Z,DKIBOWEN,Pending,false,
P00_G1251_050425,265000,G1108,3,,,,Consumption,2025-05-14T19:18:50.827Z,DKIBOWEN,Pending,false,
P00_G1251_050425,266000,KG,3,,,,Consumption,2025-05-14T19:18:50.827Z,DKIBOWEN,Pending,false,
P00_G1251_050425,267000,G1319,3,,,,Output,2025-05-14T19:18:50.827Z,DKIBOWEN,Pending,false,
P00_G1251_050425,268000,KG,3,,,,Output,2025-05-14T19:18:50.827Z,DKIBOWEN,Pending,false,
P00_G1251_050425,269000,P08_G1176_050425,4,,,,Output,2025-05-14T19:18:50.827Z,DKIBOWEN,Pending,false,
P00_G1251_050425,270000,G5004,2,,,,Consumption,2025-05-14T19:18:50.827Z,DKIBOWEN,Pending,false,
P00_G1251_050425,271000,KG,2,,,,Consumption,2025-05-14T19:18:50.827Z,DKIBOWEN,Pending,false,
P00_G1251_050425,272000,G1176,2,,,,Output,2025-05-14T19:18:50.827Z,DKIBOWEN,Pending,false,
P00_G1251_050425,273000,KG,2,,,,Output,2025-05-14T19:18:50.827Z,DKIBOWEN,Pending,false,
P00_G1251_050425,274000,P08_G1208_050425,18,,,,Output,2025-05-14T19:18:50.827Z,DKIBOWEN,Pending,false,
P00_G1251_050425,275000,G5006,9,,,,Consumption,2025-05-14T19:18:50.827Z,DKIBOWEN,Pending,false,
P00_G1251_050425,276000,KG,9,,,,Consumption,2025-05-14T19:18:50.827Z,DKIBOWEN,Pending,false,
P00_G1251_050425,277000,G1208,9,,,,Output,2025-05-14T19:18:50.827Z,DKIBOWEN,Pending,false,
P00_G1251_050425,278000,KG,9,,,,Output,2025-05-14T19:18:50.827Z,DKIBOWEN,Pending,false,
P00_G1251_050425,279000,P08_G1211_050425,24,,,,Output,2025-05-14T19:18:50.827Z,DKIBOWEN,Pending,false,
P00_G1251_050425,280000,G1168,12,,,,Consumption,2025-05-14T19:18:50.827Z,DKIBOWEN,Pending,false,
P00_G1251_050425,281000,KG,12,,,,Consumption,2025-05-14T19:18:50.827Z,DKIBOWEN,Pending,false,
P00_G1251_050425,282000,G1211,12,,,,Output,2025-05-14T19:18:50.827Z,DKIBOWEN,Pending,false,
P00_G1251_050425,283000,KG,12,,,,Output,2025-05-14T19:18:50.827Z,DKIBOWEN,Pending,false,
P00_G1251_050425,284000,P08_G1230_050425,2,,,,Output,2025-05-14T19:18:50.827Z,DKIBOWEN,Pending,false,
P00_G1251_050425,285000,G1109,1,,,,Consumption,2025-05-14T19:18:50.827Z,DKIBOWEN,Pending,false,
P00_G1251_050425,286000,KG,1,,,,Consumption,2025-05-14T19:18:50.827Z,DKIBOWEN,Pending,false,
P00_G1251_050425,287000,G1230,1,,,,Output,2025-05-14T19:18:50.827Z,DKIBOWEN,Pending,false,
P00_G1251_050425,288000,KG,1,,,,Output,2025-05-14T19:18:50.827Z,DKIBOWEN,Pending,false,
P00_G1251_050425,289000,P08_G1265_050425,2,,,,Output,2025-05-14T19:18:50.827Z,DKIBOWEN,Pending,false,
P00_G1251_050425,290000,G1236,1,,,,Consumption,2025-05-14T19:18:50.827Z,DKIBOWEN,Pending,false,
P00_G1251_050425,291000,KG,1,,,,Consumption,2025-05-14T19:18:50.827Z,DKIBOWEN,Pending,false,
P00_G1251_050425,292000,G1265,1,,,,Output,2025-05-14T19:18:50.827Z,DKIBOWEN,Pending,false,
P00_G1251_050425,293000,KG,1,,,,Output,2025-05-14T19:18:50.827Z,DKIBOWEN,Pending,false,
P00_G1251_050425,294000,P08_G1266_050425,16,,,,Output,2025-05-14T19:18:50.827Z,DKIBOWEN,Pending,false,
P00_G1251_050425,295000,G1195,8,,,,Consumption,2025-05-14T19:18:50.827Z,DKIBOWEN,Pending,false,
P00_G1251_050425,296000,KG,8,,,,Consumption,2025-05-14T19:18:50.827Z,DKIBOWEN,Pending,false,
P00_G1251_050425,297000,G1266,8,,,,Output,2025-05-14T19:18:50.827Z,DKIBOWEN,Pending,false,
P00_G1251_050425,298000,KG,8,,,,Output,2025-05-14T19:18:50.827Z,DKIBOWEN,Pending,false,
P00_G1251_050425,299000,P08_G1267_050425,2,,,,Output,2025-05-14T19:18:50.827Z,DKIBOWEN,Pending,false,
P00_G1251_050425,300000,G1194,1,,,,Consumption,2025-05-14T19:18:50.827Z,DKIBOWEN,Pending,false,
P00_G1251_050425,301000,KG,1,,,,Consumption,2025-05-14T19:18:50.827Z,DKIBOWEN,Pending,false,
P00_G1251_050425,302000,G1267,1,,,,Output,2025-05-14T19:18:50.827Z,DKIBOWEN,Pending,false,
P00_G1251_050425,303000,KG,1,,,,Output,2025-05-14T19:18:50.827Z,DKIBOWEN,Pending,false,
P00_G1251_050425,304000,P08_G1325_050425,4,,,,Output,2025-05-14T19:18:50.827Z,DKIBOWEN,Pending,false,
P00_G1251_050425,305000,G1242,2,,,,Consumption,2025-05-14T19:18:50.827Z,DKIBOWEN,Pending,false,
P00_G1251_050425,306000,KG,2,,,,Consumption,2025-05-14T19:18:50.827Z,DKIBOWEN,Pending,false,
P00_G1251_050425,307000,G1325,2,,,,Output,2025-05-14T19:18:50.827Z,DKIBOWEN,Pending,false,
P00_G1251_050425,308000,KG,2,,,,Output,2025-05-14T19:18:50.827Z,DKIBOWEN,Pending,false,
P00_G1251_050425,309000,P08_G1326_050425,10,,,,Output,2025-05-14T19:18:50.827Z,DKIBOWEN,Pending,false,
P00_G1251_050425,310000,G1242,5,,,,Consumption,2025-05-14T19:18:50.827Z,DKIBOWEN,Pending,false,
P00_G1251_050425,311000,KG,5,,,,Consumption,2025-05-14T19:18:50.827Z,DKIBOWEN,Pending,false,
P00_G1251_050425,312000,G1326,5,,,,Output,2025-05-14T19:18:50.827Z,DKIBOWEN,Pending,false,
P00_G1251_050425,313000,KG,5,,,,Output,2025-05-14T19:18:50.827Z,DKIBOWEN,Pending,false,
P00_G1251_050425,314000,P10_G1232_050425,364,,,,Output,2025-05-14T19:18:50.827Z,DKIBOWEN,Pending,false,
P00_G1251_050425,315000,G1100,91,,,,Consumption,2025-05-14T19:18:50.827Z,DKIBOWEN,Pending,false,
P00_G1251_050425,316000,KG,91,,,,Consumption,2025-05-14T19:18:50.827Z,DKIBOWEN,Pending,false,
P00_G1251_050425,317000,G1101,91,,,,Consumption,2025-05-14T19:18:50.827Z,DKIBOWEN,Pending,false,
P00_G1251_050425,318000,KG,91,,,,Consumption,2025-05-14T19:18:50.827Z,DKIBOWEN,Pending,false,
P00_G1251_050425,319000,G1102,91,,,,Consumption,2025-05-14T19:18:50.827Z,DKIBOWEN,Pending,false,
P00_G1251_050425,320000,KG,91,,,,Consumption,2025-05-14T19:18:50.827Z,DKIBOWEN,Pending,false,
P00_G1251_050425,321000,G1232,91,,,,Output,2025-05-14T19:18:50.827Z,DKIBOWEN,Pending,false,
P00_G1251_050425,322000,KG,91,,,,Output,2025-05-14T19:18:50.827Z,DKIBOWEN,Pending,false,
P00_G1251_050425,323000,P10_G1233_050425,252,,,,Output,2025-05-14T19:18:50.827Z,DKIBOWEN,Pending,false,
P00_G1251_050425,324000,G1100,63,,,,Consumption,2025-05-14T19:18:50.827Z,DKIBOWEN,Pending,false,
P00_G1251_050425,325000,KG,63,,,,Consumption,2025-05-14T19:18:50.827Z,DKIBOWEN,Pending,false,
P00_G1251_050425,326000,G1101,63,,,,Consumption,2025-05-14T19:18:50.827Z,DKIBOWEN,Pending,false,
P00_G1251_050425,327000,KG,63,,,,Consumption,2025-05-14T19:18:50.827Z,DKIBOWEN,Pending,false,
P00_G1251_050425,328000,G1102,63,,,,Consumption,2025-05-14T19:18:50.827Z,DKIBOWEN,Pending,false,
P00_G1251_050425,329000,KG,63,,,,Consumption,2025-05-14T19:18:50.827Z,DKIBOWEN,Pending,false,
P00_G1251_050425,330000,G1233,63,,,,Output,2025-05-14T19:18:50.827Z,DKIBOWEN,Pending,false,
P00_G1251_050425,331000,KG,63,,,,Output,2025-05-14T19:18:50.827Z,DKIBOWEN,Pending,false,
P00_G1251_050425,332000,P10_G1250_050425,188,,,,Output,2025-05-14T19:18:50.827Z,DKIBOWEN,Pending,false,
P00_G1251_050425,333000,G1100,47,,,,Consumption,2025-05-14T19:18:50.827Z,DKIBOWEN,Pending,false,
P00_G1251_050425,334000,KG,47,,,,Consumption,2025-05-14T19:18:50.827Z,DKIBOWEN,Pending,false,
P00_G1251_050425,335000,G1101,47,,,,Consumption,2025-05-14T19:18:50.827Z,DKIBOWEN,Pending,false,
P00_G1251_050425,336000,KG,47,,,,Consumption,2025-05-14T19:18:50.827Z,DKIBOWEN,Pending,false,
P00_G1251_050425,337000,G1102,47,,,,Consumption,2025-05-14T19:18:50.827Z,DKIBOWEN,Pending,false,
P00_G1251_050425,338000,KG,47,,,,Consumption,2025-05-14T19:18:50.827Z,DKIBOWEN,Pending,false,
P00_G1251_050425,339000,G1250,47,,,,Output,2025-05-14T19:18:50.827Z,DKIBOWEN,Pending,false,
P00_G1251_050425,340000,KG,47,,,,Output,2025-05-14T19:18:50.827Z,DKIBOWEN,Pending,false,
P00_G1251_050425,341000,P10_G1276_050425,28,,,,Output,2025-05-14T19:18:50.827Z,DKIBOWEN,Pending,false,
P00_G1251_050425,342000,G1100,7,,,,Consumption,2025-05-14T19:18:50.827Z,DKIBOWEN,Pending,false,
P00_G1251_050425,343000,KG,7,,,,Consumption,2025-05-14T19:18:50.827Z,DKIBOWEN,Pending,false,
P00_G1251_050425,344000,G1101,7,,,,Consumption,2025-05-14T19:18:50.827Z,DKIBOWEN,Pending,false,
P00_G1251_050425,345000,KG,7,,,,Consumption,2025-05-14T19:18:50.827Z,DKIBOWEN,Pending,false,
P00_G1251_050425,346000,G1102,7,,,,Consumption,2025-05-14T19:18:50.827Z,DKIBOWEN,Pending,false,
P00_G1251_050425,347000,KG,7,,,,Consumption,2025-05-14T19:18:50.827Z,DKIBOWEN,Pending,false,
P00_G1251_050425,348000,G1276,7,,,,Output,2025-05-14T19:18:50.827Z,DKIBOWEN,Pending,false,
P00_G1251_050425,349000,KG,7,,,,Output,2025-05-14T19:18:50.827Z,DKIBOWEN,Pending,false,
P00_G1251_050425,350000,P15_J31090105_050425,5,,,,Output,2025-05-14T19:18:50.827Z,DKIBOWEN,Pending,false,
P00_G1251_050425,351000,G1194,1,,,,Consumption,2025-05-14T19:18:50.827Z,DKIBOWEN,Pending,false,
P00_G1251_050425,352000,KG,1,,,,Consumption,2025-05-14T19:18:50.827Z,DKIBOWEN,Pending,false,
P00_G1251_050425,353000,H221016,1,,,,Consumption,2025-05-14T19:18:50.827Z,DKIBOWEN,Pending,false,
P00_G1251_050425,354000,MTR,1,,,,Consumption,2025-05-14T19:18:50.827Z,DKIBOWEN,Pending,false,
P00_G1251_050425,355000,H224489,1,,,,Consumption,2025-05-14T19:18:50.827Z,DKIBOWEN,Pending,false,
P00_G1251_050425,356000,KG,1,,,,Consumption,2025-05-14T19:18:50.827Z,DKIBOWEN,Pending,false,
P00_G1251_050425,357000,H224655,1,,,,Consumption,2025-05-14T19:18:50.827Z,DKIBOWEN,Pending,false,
P00_G1251_050425,358000,PC,1,,,,Consumption,2025-05-14T19:18:50.827Z,DKIBOWEN,Pending,false,
P00_G1251_050425,359000,J31090105,1,,,,Output,2025-05-14T19:18:50.827Z,DKIBOWEN,Pending,false,
P00_G1251_050425,360000,KG,1,,,,Output,2025-05-14T19:18:50.827Z,DKIBOWEN,Pending,false,
P00_G1251_050425,361000,P15_J31090106_050425,6,,,,Output,2025-05-14T19:18:50.827Z,DKIBOWEN,Pending,false,
P00_G1251_050425,362000,G1253,2,,,,Consumption,2025-05-14T19:18:50.827Z,DKIBOWEN,Pending,false,
P00_G1251_050425,363000,KG,2,,,,Consumption,2025-05-14T19:18:50.827Z,DKIBOWEN,Pending,false,
P00_G1251_050425,364000,H221086,2,,,,Consumption,2025-05-14T19:18:50.827Z,DKIBOWEN,Pending,false,
P00_G1251_050425,365000,PC,2,,,,Consumption,2025-05-14T19:18:50.827Z,DKIBOWEN,Pending,false,
P00_G1251_050425,366000,J31090106,2,,,,Output,2025-05-14T19:18:50.827Z,DKIBOWEN,Pending,false,
P00_G1251_050425,367000,KG,2,,,,Output,2025-05-14T19:18:50.827Z,DKIBOWEN,Pending,false,
P00_G1251_050425,368000,P15_J31090111_050425,5,,,,Output,2025-05-14T19:18:50.827Z,DKIBOWEN,Pending,false,
P00_G1251_050425,369000,G1229,1,,,,Consumption,2025-05-14T19:18:50.827Z,DKIBOWEN,Pending,false,
P00_G1251_050425,370000,KG,1,,,,Consumption,2025-05-14T19:18:50.827Z,DKIBOWEN,Pending,false,
P00_G1251_050425,371000,H221003,1,,,,Consumption,2025-05-14T19:18:50.827Z,DKIBOWEN,Pending,false,
P00_G1251_050425,372000,PC,1,,,,Consumption,2025-05-14T19:18:50.827Z,DKIBOWEN,Pending,false,
P00_G1251_050425,373000,H221050,1,,,,Consumption,2025-05-14T19:18:50.827Z,DKIBOWEN,Pending,false,
P00_G1251_050425,374000,PC,1,,,,Consumption,2025-05-14T19:18:50.827Z,DKIBOWEN,Pending,false,
P00_G1251_050425,375000,H224655,1,,,,Consumption,2025-05-14T19:18:50.827Z,DKIBOWEN,Pending,false,
P00_G1251_050425,376000,PC,1,,,,Consumption,2025-05-14T19:18:50.827Z,DKIBOWEN,Pending,false,
P00_G1251_050425,377000,J31090111,1,,,,Output,2025-05-14T19:18:50.827Z,DKIBOWEN,Pending,false,
P00_G1251_050425,378000,KG,1,,,,Output,2025-05-14T19:18:50.827Z,DKIBOWEN,Pending,false,
P00_G1251_050425,379000,P15_J31090113_050425,15,,,,Output,2025-05-14T19:18:50.827Z,DKIBOWEN,Pending,false,
P00_G1251_050425,380000,G1208,3,,,,Consumption,2025-05-14T19:18:50.827Z,DKIBOWEN,Pending,false,
P00_G1251_050425,381000,KG,3,,,,Consumption,2025-05-14T19:18:50.827Z,DKIBOWEN,Pending,false,
P00_G1251_050425,382000,H121027,3,,,,Consumption,2025-05-14T19:18:50.827Z,DKIBOWEN,Pending,false,
P00_G1251_050425,383000,MTR,3,,,,Consumption,2025-05-14T19:18:50.827Z,DKIBOWEN,Pending,false,
P00_G1251_050425,384000,H221050,3,,,,Consumption,2025-05-14T19:18:50.827Z,DKIBOWEN,Pending,false,
P00_G1251_050425,385000,PC,3,,,,Consumption,2025-05-14T19:18:50.827Z,DKIBOWEN,Pending,false,
P00_G1251_050425,386000,H224655,3,,,,Consumption,2025-05-14T19:18:50.827Z,DKIBOWEN,Pending,false,
P00_G1251_050425,387000,PC,3,,,,Consumption,2025-05-14T19:18:50.827Z,DKIBOWEN,Pending,false,
P00_G1251_050425,388000,J31090113,3,,,,Output,2025-05-14T19:18:50.827Z,DKIBOWEN,Pending,false,
P00_G1251_050425,389000,KG,3,,,,Output,2025-05-14T19:18:50.827Z,DKIBOWEN,Pending,false,
P00_G1251_050425,390000,P15_J31090116_050425,4,,,,Output,2025-05-14T19:18:50.827Z,DKIBOWEN,Pending,false,
P00_G1251_050425,391000,G1172,1,,,,Consumption,2025-05-14T19:18:50.827Z,DKIBOWEN,Pending,false,
P00_G1251_050425,392000,KG,1,,,,Consumption,2025-05-14T19:18:50.827Z,DKIBOWEN,Pending,false,
P00_G1251_050425,393000,H221016,1,,,,Consumption,2025-05-14T19:18:50.827Z,DKIBOWEN,Pending,false,
P00_G1251_050425,394000,PC,1,,,,Consumption,2025-05-14T19:18:50.827Z,DKIBOWEN,Pending,false,
P00_G1251_050425,395000,H224655,1,,,,Consumption,2025-05-14T19:18:50.827Z,DKIBOWEN,Pending,false,
P00_G1251_050425,396000,PC,1,,,,Consumption,2025-05-14T19:18:50.827Z,DKIBOWEN,Pending,false,
P00_G1251_050425,397000,J31090116,1,,,,Output,2025-05-14T19:18:50.827Z,DKIBOWEN,Pending,false,
P00_G1251_050425,398000,KG,1,,,,Output,2025-05-14T19:18:50.827Z,DKIBOWEN,Pending,false,
P00_G1251_050425,399000,P15_J31090117_050425,20,,,,Output,2025-05-14T19:18:50.827Z,DKIBOWEN,Pending,false,
P00_G1251_050425,400000,G1222,4,,,,Consumption,2025-05-14T19:18:50.827Z,DKIBOWEN,Pending,false,
P00_G1251_050425,401000,KG,4,,,,Consumption,2025-05-14T19:18:50.827Z,DKIBOWEN,Pending,false,
P00_G1251_050425,402000,H221050,4,,,,Consumption,2025-05-14T19:18:50.827Z,DKIBOWEN,Pending,false,
P00_G1251_050425,403000,PC,4,,,,Consumption,2025-05-14T19:18:50.827Z,DKIBOWEN,Pending,false,
P00_G1251_050425,404000,H221085,4,,,,Consumption,2025-05-14T19:18:50.827Z,DKIBOWEN,Pending,false,
P00_G1251_050425,405000,PC,4,,,,Consumption,2025-05-14T19:18:50.827Z,DKIBOWEN,Pending,false,
P00_G1251_050425,406000,H224655,4,,,,Consumption,2025-05-14T19:18:50.827Z,DKIBOWEN,Pending,false,
P00_G1251_050425,407000,PC,4,,,,Consumption,2025-05-14T19:18:50.827Z,DKIBOWEN,Pending,false,
P00_G1251_050425,408000,J31090117,4,,,,Output,2025-05-14T19:18:50.827Z,DKIBOWEN,Pending,false,
P00_G1251_050425,409000,KG,4,,,,Output,2025-05-14T19:18:50.827Z,DKIBOWEN,Pending,false,
P00_G1251_050425,410000,P15_J31090120_050425,20,,,,Output,2025-05-14T19:18:50.827Z,DKIBOWEN,Pending,false,
P00_G1251_050425,411000,G1251,4,,,,Consumption,2025-05-14T19:18:50.827Z,DKIBOWEN,Pending,false,
P00_G1251_050425,412000,KG,4,,,,Consumption,2025-05-14T19:18:50.827Z,DKIBOWEN,Pending,false,
P00_G1251_050425,413000,H221016,4,,,,Consumption,2025-05-14T19:18:50.827Z,DKIBOWEN,Pending,false,
P00_G1251_050425,414000,PC,4,,,,Consumption,2025-05-14T19:18:50.827Z,DKIBOWEN,Pending,false,
P00_G1251_050425,415000,H221050,4,,,,Consumption,2025-05-14T19:18:50.827Z,DKIBOWEN,Pending,false,
P00_G1251_050425,416000,PC,4,,,,Consumption,2025-05-14T19:18:50.827Z,DKIBOWEN,Pending,false,
P00_G1251_050425,417000,H224655,4,,,,Consumption,2025-05-14T19:18:50.827Z,DKIBOWEN,Pending,false,
P00_G1251_050425,418000,PC,4,,,,Consumption,2025-05-14T19:18:50.827Z,DKIBOWEN,Pending,false,
P00_G1251_050425,419000,J31090120,4,,,,Output,2025-05-14T19:18:50.827Z,DKIBOWEN,Pending,false,
P00_G1251_050425,420000,KG,4,,,,Output,2025-05-14T19:18:50.827Z,DKIBOWEN,Pending,false,
P00_G1251_050425,421000,P15_J31090122_050425,36,,,,Output,2025-05-14T19:18:50.827Z,DKIBOWEN,Pending,false,
P00_G1251_050425,422000,G1236,6,,,,Consumption,2025-05-14T19:18:50.827Z,DKIBOWEN,Pending,false,
P00_G1251_050425,423000,KG,6,,,,Consumption,2025-05-14T19:18:50.827Z,DKIBOWEN,Pending,false,
P00_G1251_050425,424000,H221050,6,,,,Consumption,2025-05-14T19:18:50.827Z,DKIBOWEN,Pending,false,
P00_G1251_050425,425000,PC,6,,,,Consumption,2025-05-14T19:18:50.827Z,DKIBOWEN,Pending,false,
P00_G1251_050425,426000,H221075,6,,,,Consumption,2025-05-14T19:18:50.827Z,DKIBOWEN,Pending,false,
P00_G1251_050425,427000,PC,6,,,,Consumption,2025-05-14T19:18:50.827Z,DKIBOWEN,Pending,false,
P00_G1251_050425,428000,H221084,6,,,,Consumption,2025-05-14T19:18:50.827Z,DKIBOWEN,Pending,false,
P00_G1251_050425,429000,PC,6,,,,Consumption,2025-05-14T19:18:50.827Z,DKIBOWEN,Pending,false,
P00_G1251_050425,430000,H224655,6,,,,Consumption,2025-05-14T19:18:50.827Z,DKIBOWEN,Pending,false,
P00_G1251_050425,431000,PC,6,,,,Consumption,2025-05-14T19:18:50.827Z,DKIBOWEN,Pending,false,
P00_G1251_050425,432000,J31090122,6,,,,Output,2025-05-14T19:18:50.827Z,DKIBOWEN,Pending,false,
P00_G1251_050425,433000,KG,6,,,,Output,2025-05-14T19:18:50.827Z,DKIBOWEN,Pending,false,
P00_G1251_050425,434000,P15_J31090126_050425,20,,,,Output,2025-05-14T19:18:50.827Z,DKIBOWEN,Pending,false,
P00_G1251_050425,435000,G1228,10,,,,Consumption,2025-05-14T19:18:50.827Z,DKIBOWEN,Pending,false,
P00_G1251_050425,436000,KG,10,,,,Consumption,2025-05-14T19:18:50.827Z,DKIBOWEN,Pending,false,
P00_G1251_050425,437000,J31090126,10,,,,Output,2025-05-14T19:18:50.827Z,DKIBOWEN,Pending,false,
P00_G1251_050425,438000,KG,10,,,,Output,2025-05-14T19:18:50.827Z,DKIBOWEN,Pending,false,
P00_G1251_050425,439000,P15_J31090128_050425,8,,,,Output,2025-05-14T19:18:50.827Z,DKIBOWEN,Pending,false,
P00_G1251_050425,440000,G1237,2,,,,Consumption,2025-05-14T19:18:50.827Z,DKIBOWEN,Pending,false,
P00_G1251_050425,441000,KG,2,,,,Consumption,2025-05-14T19:18:50.827Z,DKIBOWEN,Pending,false,
P00_G1251_050425,442000,H221003,2,,,,Consumption,2025-05-14T19:18:50.827Z,DKIBOWEN,Pending,false,
P00_G1251_050425,443000,PC,2,,,,Consumption,2025-05-14T19:18:50.827Z,DKIBOWEN,Pending,false,
P00_G1251_050425,444000,H224655,2,,,,Consumption,2025-05-14T19:18:50.827Z,DKIBOWEN,Pending,false,
P00_G1251_050425,445000,PC,2,,,,Consumption,2025-05-14T19:18:50.827Z,DKIBOWEN,Pending,false,
P00_G1251_050425,446000,J31090128,2,,,,Output,2025-05-14T19:18:50.827Z,DKIBOWEN,Pending,false,
P00_G1251_050425,447000,KG,2,,,,Output,2025-05-14T19:18:50.827Z,DKIBOWEN,Pending,false,
P00_G1251_050425,448000,P15_J31090132_050425,3,,,,Output,2025-05-14T19:18:50.827Z,DKIBOWEN,Pending,false,
P00_G1251_050425,449000,G1231,1,,,,Consumption,2025-05-14T19:18:50.827Z,DKIBOWEN,Pending,false,
P00_G1251_050425,450000,KG,1,,,,Consumption,2025-05-14T19:18:50.827Z,DKIBOWEN,Pending,false,
P00_G1251_050425,451000,H225002,1,,,,Consumption,2025-05-14T19:18:50.827Z,DKIBOWEN,Pending,false,
P00_G1251_050425,452000,KG,1,,,,Consumption,2025-05-14T19:18:50.827Z,DKIBOWEN,Pending,false,
P00_G1251_050425,453000,J31090132,1,,,,Output,2025-05-14T19:18:50.827Z,DKIBOWEN,Pending,false,
P00_G1251_050425,454000,KG,1,,,,Output,2025-05-14T19:18:50.827Z,DKIBOWEN,Pending,false,
P00_G1251_050425,455000,P15_J31090138_050425,65,,,,Output,2025-05-14T19:18:50.827Z,DKIBOWEN,Pending,false,
P00_G1251_050425,456000,G1196,13,,,,Consumption,2025-05-14T19:18:50.827Z,DKIBOWEN,Pending,false,
P00_G1251_050425,457000,KG,13,,,,Consumption,2025-05-14T19:18:50.827Z,DKIBOWEN,Pending,false,
P00_G1251_050425,458000,H221050,13,,,,Consumption,2025-05-14T19:18:50.827Z,DKIBOWEN,Pending,false,
P00_G1251_050425,459000,PC,13,,,,Consumption,2025-05-14T19:18:50.827Z,DKIBOWEN,Pending,false,
P00_G1251_050425,460000,H221083,13,,,,Consumption,2025-05-14T19:18:50.827Z,DKIBOWEN,Pending,false,
P00_G1251_050425,461000,PC,13,,,,Consumption,2025-05-14T19:18:50.827Z,DKIBOWEN,Pending,false,
P00_G1251_050425,462000,H224655,13,,,,Consumption,2025-05-14T19:18:50.827Z,DKIBOWEN,Pending,false,
P00_G1251_050425,463000,PC,13,,,,Consumption,2025-05-14T19:18:50.827Z,DKIBOWEN,Pending,false,
P00_G1251_050425,464000,J31090138,13,,,,Output,2025-05-14T19:18:50.827Z,DKIBOWEN,Pending,false,
P00_G1251_050425,465000,KG,13,,,,Output,2025-05-14T19:18:50.827Z,DKIBOWEN,Pending,false,
P00_G1251_050425,466000,P15_J31090142_050425,5,,,,Output,2025-05-14T19:18:50.827Z,DKIBOWEN,Pending,false,
P00_G1251_050425,467000,G1197,1,,,,Consumption,2025-05-14T19:18:50.827Z,DKIBOWEN,Pending,false,
P00_G1251_050425,468000,KG,1,,,,Consumption,2025-05-14T19:18:50.827Z,DKIBOWEN,Pending,false,
P00_G1251_050425,469000,H221050,1,,,,Consumption,2025-05-14T19:18:50.827Z,DKIBOWEN,Pending,false,
P00_G1251_050425,470000,PC,1,,,,Consumption,2025-05-14T19:18:50.827Z,DKIBOWEN,Pending,false,
P00_G1251_050425,471000,H221083,1,,,,Consumption,2025-05-14T19:18:50.827Z,DKIBOWEN,Pending,false,
P00_G1251_050425,472000,PC,1,,,,Consumption,2025-05-14T19:18:50.827Z,DKIBOWEN,Pending,false,
P00_G1251_050425,473000,H224655,1,,,,Consumption,2025-05-14T19:18:50.827Z,DKIBOWEN,Pending,false,
P00_G1251_050425,474000,PC,1,,,,Consumption,2025-05-14T19:18:50.827Z,DKIBOWEN,Pending,false,
P00_G1251_050425,475000,J31090142,1,,,,Output,2025-05-14T19:18:50.827Z,DKIBOWEN,Pending,false,
P00_G1251_050425,476000,KG,1,,,,Output,2025-05-14T19:18:50.827Z,DKIBOWEN,Pending,false,
P00_G1251_050425,477000,P15_J31090155_050425,50,,,,Output,2025-05-14T19:18:50.827Z,DKIBOWEN,Pending,false,
P00_G1251_050425,478000,G1243,10,,,,Consumption,2025-05-14T19:18:50.827Z,DKIBOWEN,Pending,false,
P00_G1251_050425,479000,KG,10,,,,Consumption,2025-05-14T19:18:50.827Z,DKIBOWEN,Pending,false,
P00_G1251_050425,480000,H221050,10,,,,Consumption,2025-05-14T19:18:50.827Z,DKIBOWEN,Pending,false,
P00_G1251_050425,481000,PC,10,,,,Consumption,2025-05-14T19:18:50.827Z,DKIBOWEN,Pending,false,
P00_G1251_050425,482000,H221086,10,,,,Consumption,2025-05-14T19:18:50.827Z,DKIBOWEN,Pending,false,
P00_G1251_050425,483000,PC,10,,,,Consumption,2025-05-14T19:18:50.827Z,DKIBOWEN,Pending,false,
P00_G1251_050425,484000,H224655,10,,,,Consumption,2025-05-14T19:18:50.827Z,DKIBOWEN,Pending,false,
P00_G1251_050425,485000,PC,10,,,,Consumption,2025-05-14T19:18:50.827Z,DKIBOWEN,Pending,false,
P00_G1251_050425,486000,J31090155,10,,,,Output,2025-05-14T19:18:50.827Z,DKIBOWEN,Pending,false,
P00_G1251_050425,487000,KG,10,,,,Output,2025-05-14T19:18:50.827Z,DKIBOWEN,Pending,false,
P00_G1251_050425,488000,P15_J31090160_050425,5,,,,Output,2025-05-14T19:18:50.827Z,DKIBOWEN,Pending,false,
P00_G1251_050425,489000,G1268,1,,,,Consumption,2025-05-14T19:18:50.827Z,DKIBOWEN,Pending,false,
P00_G1251_050425,490000,KG,1,,,,Consumption,2025-05-14T19:18:50.827Z,DKIBOWEN,Pending,false,
P00_G1251_050425,491000,H221050,1,,,,Consumption,2025-05-14T19:18:50.827Z,DKIBOWEN,Pending,false,
P00_G1251_050425,492000,PC,1,,,,Consumption,2025-05-14T19:18:50.827Z,DKIBOWEN,Pending,false,
P00_G1251_050425,493000,H221085,1,,,,Consumption,2025-05-14T19:18:50.827Z,DKIBOWEN,Pending,false,
P00_G1251_050425,494000,PC,1,,,,Consumption,2025-05-14T19:18:50.827Z,DKIBOWEN,Pending,false,
P00_G1251_050425,495000,H224655,1,,,,Consumption,2025-05-14T19:18:50.827Z,DKIBOWEN,Pending,false,
P00_G1251_050425,496000,PC,1,,,,Consumption,2025-05-14T19:18:50.827Z,DKIBOWEN,Pending,false,
P00_G1251_050425,497000,J31090160,1,,,,Output,2025-05-14T19:18:50.827Z,DKIBOWEN,Pending,false,
P00_G1251_050425,498000,KG,1,,,,Output,2025-05-14T19:18:50.827Z,DKIBOWEN,Pending,false,
P00_G1251_050425,499000,P15_J31090163_050425,15,,,,Output,2025-05-14T19:18:50.827Z,DKIBOWEN,Pending,false,
P00_G1251_050425,500000,G1176,3,,,,Consumption,2025-05-14T19:18:50.827Z,DKIBOWEN,Pending,false,
P00_G1251_050425,501000,KG,3,,,,Consumption,2025-05-14T19:18:50.827Z,DKIBOWEN,Pending,false,
P00_G1251_050425,502000,H121021,3,,,,Consumption,2025-05-14T19:18:50.827Z,DKIBOWEN,Pending,false,
P00_G1251_050425,503000,PC,3,,,,Consumption,2025-05-14T19:18:50.827Z,DKIBOWEN,Pending,false,
P00_G1251_050425,504000,H221050,3,,,,Consumption,2025-05-14T19:18:50.827Z,DKIBOWEN,Pending,false,
P00_G1251_050425,505000,PC,3,,,,Consumption,2025-05-14T19:18:50.827Z,DKIBOWEN,Pending,false,
P00_G1251_050425,506000,H224655,3,,,,Consumption,2025-05-14T19:18:50.827Z,DKIBOWEN,Pending,false,
P00_G1251_050425,507000,PC,3,,,,Consumption,2025-05-14T19:18:50.827Z,DKIBOWEN,Pending,false,
P00_G1251_050425,508000,J31090163,3,,,,Output,2025-05-14T19:18:50.827Z,DKIBOWEN,Pending,false,
P00_G1251_050425,509000,KG,3,,,,Output,2025-05-14T19:18:50.827Z,DKIBOWEN,Pending,false,
P00_G1251_050425,510000,P15_J31090164_050425,5,,,,Output,2025-05-14T19:18:50.827Z,DKIBOWEN,Pending,false,
P00_G1251_050425,511000,G1249,1,,,,Consumption,2025-05-14T19:18:50.827Z,DKIBOWEN,Pending,false,
P00_G1251_050425,512000,KG,1,,,,Consumption,2025-05-14T19:18:50.827Z,DKIBOWEN,Pending,false,
P00_G1251_050425,513000,H221003,1,,,,Consumption,2025-05-14T19:18:50.827Z,DKIBOWEN,Pending,false,
P00_G1251_050425,514000,PC,1,,,,Consumption,2025-05-14T19:18:50.827Z,DKIBOWEN,Pending,false,
P00_G1251_050425,515000,H221050,1,,,,Consumption,2025-05-14T19:18:50.827Z,DKIBOWEN,Pending,false,
P00_G1251_050425,516000,PC,1,,,,Consumption,2025-05-14T19:18:50.827Z,DKIBOWEN,Pending,false,
P00_G1251_050425,517000,H224655,1,,,,Consumption,2025-05-14T19:18:50.827Z,DKIBOWEN,Pending,false,
P00_G1251_050425,518000,PC,1,,,,Consumption,2025-05-14T19:18:50.827Z,DKIBOWEN,Pending,false,
P00_G1251_050425,519000,J31090164,1,,,,Output,2025-05-14T19:18:50.827Z,DKIBOWEN,Pending,false,
P00_G1251_050425,520000,KG,1,,,,Output,2025-05-14T19:18:50.827Z,DKIBOWEN,Pending,false,
P00_G1251_050425,521000,P15_J31090196_050425,5,,,,Output,2025-05-14T19:18:50.827Z,DKIBOWEN,Pending,false,
P00_G1251_050425,522000,G1266,1,,,,Consumption,2025-05-14T19:18:50.827Z,DKIBOWEN,Pending,false,
P00_G1251_050425,523000,KG,1,,,,Consumption,2025-05-14T19:18:50.827Z,DKIBOWEN,Pending,false,
P00_G1251_050425,524000,H221050,1,,,,Consumption,2025-05-14T19:18:50.827Z,DKIBOWEN,Pending,false,
P00_G1251_050425,525000,PC,1,,,,Consumption,2025-05-14T19:18:50.827Z,DKIBOWEN,Pending,false,
P00_G1251_050425,526000,H221084,1,,,,Consumption,2025-05-14T19:18:50.827Z,DKIBOWEN,Pending,false,
P00_G1251_050425,527000,PC,1,,,,Consumption,2025-05-14T19:18:50.827Z,DKIBOWEN,Pending,false,
P00_G1251_050425,528000,H224655,1,,,,Consumption,2025-05-14T19:18:50.827Z,DKIBOWEN,Pending,false,
P00_G1251_050425,529000,PC,1,,,,Consumption,2025-05-14T19:18:50.827Z,DKIBOWEN,Pending,false,
P00_G1251_050425,530000,J31090196,1,,,,Output,2025-05-14T19:18:50.827Z,DKIBOWEN,Pending,false,
P00_G1251_050425,531000,KG,1,,,,Output,2025-05-14T19:18:50.827Z,DKIBOWEN,Pending,false,
P00_G1251_050425,532000,P15_J31090221_050425,5,,,,Output,2025-05-14T19:18:50.827Z,DKIBOWEN,Pending,false,
P00_G1251_050425,533000,G1224,1,,,,Consumption,2025-05-14T19:18:50.827Z,DKIBOWEN,Pending,false,
P00_G1251_050425,534000,KG,1,,,,Consumption,2025-05-14T19:18:50.827Z,DKIBOWEN,Pending,false,
P00_G1251_050425,535000,H221050,1,,,,Consumption,2025-05-14T19:18:50.827Z,DKIBOWEN,Pending,false,
P00_G1251_050425,536000,PC,1,,,,Consumption,2025-05-14T19:18:50.827Z,DKIBOWEN,Pending,false,
P00_G1251_050425,537000,H221085,1,,,,Consumption,2025-05-14T19:18:50.827Z,DKIBOWEN,Pending,false,
P00_G1251_050425,538000,PC,1,,,,Consumption,2025-05-14T19:18:50.827Z,DKIBOWEN,Pending,false,
P00_G1251_050425,539000,H224655,1,,,,Consumption,2025-05-14T19:18:50.827Z,DKIBOWEN,Pending,false,
P00_G1251_050425,540000,PC,1,,,,Consumption,2025-05-14T19:18:50.827Z,DKIBOWEN,Pending,false,
P00_G1251_050425,541000,J31090221,1,,,,Output,2025-05-14T19:18:50.827Z,DKIBOWEN,Pending,false,
P00_G1251_050425,542000,KG,1,,,,Output,2025-05-14T19:18:50.827Z,DKIBOWEN,Pending,false,
P00_G1251_050425,543000,P15_J31090240_050425,20,,,,Output,2025-05-14T19:18:50.827Z,DKIBOWEN,Pending,false,
P00_G1251_050425,544000,G1194,4,,,,Consumption,2025-05-14T19:18:50.827Z,DKIBOWEN,Pending,false,
P00_G1251_050425,545000,KG,4,,,,Consumption,2025-05-14T19:18:50.827Z,DKIBOWEN,Pending,false,
P00_G1251_050425,546000,H221050,4,,,,Consumption,2025-05-14T19:18:50.827Z,DKIBOWEN,Pending,false,
P00_G1251_050425,547000,PC,4,,,,Consumption,2025-05-14T19:18:50.827Z,DKIBOWEN,Pending,false,
P00_G1251_050425,548000,H221084,4,,,,Consumption,2025-05-14T19:18:50.827Z,DKIBOWEN,Pending,false,
P00_G1251_050425,549000,PC,4,,,,Consumption,2025-05-14T19:18:50.827Z,DKIBOWEN,Pending,false,
P00_G1251_050425,550000,H224655,4,,,,Consumption,2025-05-14T19:18:50.827Z,DKIBOWEN,Pending,false,
P00_G1251_050425,551000,PC,4,,,,Consumption,2025-05-14T19:18:50.827Z,DKIBOWEN,Pending,false,
P00_G1251_050425,552000,J31090240,4,,,,Output,2025-05-14T19:18:50.827Z,DKIBOWEN,Pending,false,
P00_G1251_050425,553000,KG,4,,,,Output,2025-05-14T19:18:50.827Z,DKIBOWEN,Pending,false,
P00_G1251_050425,554000,P15_J31090242_050425,90,,,,Output,2025-05-14T19:18:50.827Z,DKIBOWEN,Pending,false,
P00_G1251_050425,555000,G1336,18,,,,Consumption,2025-05-14T19:18:50.827Z,DKIBOWEN,Pending,false,
P00_G1251_050425,556000,KG,18,,,,Consumption,2025-05-14T19:18:50.827Z,DKIBOWEN,Pending,false,
P00_G1251_050425,557000,H221022,18,,,,Consumption,2025-05-14T19:18:50.827Z,DKIBOWEN,Pending,false,
P00_G1251_050425,558000,PC,18,,,,Consumption,2025-05-14T19:18:50.827Z,DKIBOWEN,Pending,false,
P00_G1251_050425,559000,H221050,18,,,,Consumption,2025-05-14T19:18:50.827Z,DKIBOWEN,Pending,false,
P00_G1251_050425,560000,PC,18,,,,Consumption,2025-05-14T19:18:50.827Z,DKIBOWEN,Pending,false,
P00_G1251_050425,561000,H224655,18,,,,Consumption,2025-05-14T19:18:50.827Z,DKIBOWEN,Pending,false,
P00_G1251_050425,562000,PC,18,,,,Consumption,2025-05-14T19:18:50.827Z,DKIBOWEN,Pending,false,
P00_G1251_050425,563000,J31090242,18,,,,Output,2025-05-14T19:18:50.827Z,DKIBOWEN,Pending,false,
P00_G1251_050425,564000,KG,18,,,,Output,2025-05-14T19:18:50.827Z,DKIBOWEN,Pending,false,
P00_G1251_050425,565000,P15_J31090258_050425,15,,,,Output,2025-05-14T19:18:50.827Z,DKIBOWEN,Pending,false,
P00_G1251_050425,566000,G1211,3,,,,Consumption,2025-05-14T19:18:50.827Z,DKIBOWEN,Pending,false,
P00_G1251_050425,567000,KG,3,,,,Consumption,2025-05-14T19:18:50.827Z,DKIBOWEN,Pending,false,
P00_G1251_050425,568000,H121021,3,,,,Consumption,2025-05-14T19:18:50.827Z,DKIBOWEN,Pending,false,
P00_G1251_050425,569000,PC,3,,,,Consumption,2025-05-14T19:18:50.827Z,DKIBOWEN,Pending,false,
P00_G1251_050425,570000,H221050,3,,,,Consumption,2025-05-14T19:18:50.827Z,DKIBOWEN,Pending,false,
P00_G1251_050425,571000,PC,3,,,,Consumption,2025-05-14T19:18:50.827Z,DKIBOWEN,Pending,false,
P00_G1251_050425,572000,H224655,3,,,,Consumption,2025-05-14T19:18:50.827Z,DKIBOWEN,Pending,false,
P00_G1251_050425,573000,PC,3,,,,Consumption,2025-05-14T19:18:50.827Z,DKIBOWEN,Pending,false,
P00_G1251_050425,574000,J31090258,3,,,,Output,2025-05-14T19:18:50.827Z,DKIBOWEN,Pending,false,
P00_G1251_050425,575000,KG,3,,,,Output,2025-05-14T19:18:50.827Z,DKIBOWEN,Pending,false,
P00_G1251_050425,576000,P15_J31100100_050425,6,,,,Output,2025-05-14T19:18:50.827Z,DKIBOWEN,Pending,false,
P00_G1251_050425,577000,G1536,2,,,,Consumption,2025-05-14T19:18:50.827Z,DKIBOWEN,Pending,false,
P00_G1251_050425,578000,KG,2,,,,Consumption,2025-05-14T19:18:50.827Z,DKIBOWEN,Pending,false,
P00_G1251_050425,579000,H221087,2,,,,Consumption,2025-05-14T19:18:50.827Z,DKIBOWEN,Pending,false,
P00_G1251_050425,580000,PC,2,,,,Consumption,2025-05-14T19:18:50.827Z,DKIBOWEN,Pending,false,
P00_G1251_050425,581000,J31100100,2,,,,Output,2025-05-14T19:18:50.827Z,DKIBOWEN,Pending,false,
P00_G1251_050425,582000,KG,2,,,,Output,2025-05-14T19:18:50.827Z,DKIBOWEN,Pending,false,
P00_G1251_050425,583000,P15_J31100103_050425,24,,,,Output,2025-05-14T19:18:50.827Z,DKIBOWEN,Pending,false,
P00_G1251_050425,584000,G5504,6,,,,Consumption,2025-05-14T19:18:50.827Z,DKIBOWEN,Pending,false,
P00_G1251_050425,585000,KG,6,,,,Consumption,2025-05-14T19:18:50.827Z,DKIBOWEN,Pending,false,
P00_G1251_050425,586000,H221050,6,,,,Consumption,2025-05-14T19:18:50.827Z,DKIBOWEN,Pending,false,
P00_G1251_050425,587000,PC,6,,,,Consumption,2025-05-14T19:18:50.827Z,DKIBOWEN,Pending,false,
P00_G1251_050425,588000,H221087,6,,,,Consumption,2025-05-14T19:18:50.827Z,DKIBOWEN,Pending,false,
P00_G1251_050425,589000,PC,6,,,,Consumption,2025-05-14T19:18:50.827Z,DKIBOWEN,Pending,false,
P00_G1251_050425,590000,J31100103,6,,,,Output,2025-05-14T19:18:50.827Z,DKIBOWEN,Pending,false,
P00_G1251_050425,591000,KG,6,,,,Output,2025-05-14T19:18:50.827Z,DKIBOWEN,Pending,false,
P00_G1251_050425,592000,P15_J31100107_050425,12,,,,Output,2025-05-14T19:18:50.827Z,DKIBOWEN,Pending,false,
P00_G1251_050425,593000,G5502,3,,,,Consumption,2025-05-14T19:18:50.827Z,DKIBOWEN,Pending,false,
P00_G1251_050425,594000,KG,3,,,,Consumption,2025-05-14T19:18:50.827Z,DKIBOWEN,Pending,false,
P00_G1251_050425,595000,H221050,3,,,,Consumption,2025-05-14T19:18:50.827Z,DKIBOWEN,Pending,false,
P00_G1251_050425,596000,PC,3,,,,Consumption,2025-05-14T19:18:50.827Z,DKIBOWEN,Pending,false,
P00_G1251_050425,597000,H221083,3,,,,Consumption,2025-05-14T19:18:50.827Z,DKIBOWEN,Pending,false,
P00_G1251_050425,598000,PC,3,,,,Consumption,2025-05-14T19:18:50.827Z,DKIBOWEN,Pending,false,
P00_G1251_050425,599000,J31100107,3,,,,Output,2025-05-14T19:18:50.827Z,DKIBOWEN,Pending,false,
P00_G1251_050425,600000,KG,3,,,,Output,2025-05-14T19:18:50.827Z,DKIBOWEN,Pending,false,
P00_G1251_050425,601000,P15_J31100118_050425,8,,,,Output,2025-05-14T19:18:50.827Z,DKIBOWEN,Pending,false,
P00_G1251_050425,602000,G1484,2,,,,Consumption,2025-05-14T19:18:50.827Z,DKIBOWEN,Pending,false,
P00_G1251_050425,603000,KG,2,,,,Consumption,2025-05-14T19:18:50.827Z,DKIBOWEN,Pending,false,
P00_G1251_050425,604000,H121029,2,,,,Consumption,2025-05-14T19:18:50.827Z,DKIBOWEN,Pending,false,
P00_G1251_050425,605000,MTR,2,,,,Consumption,2025-05-14T19:18:50.827Z,DKIBOWEN,Pending,false,
P00_G1251_050425,606000,H221050,2,,,,Consumption,2025-05-14T19:18:50.827Z,DKIBOWEN,Pending,false,
P00_G1251_050425,607000,PC,2,,,,Consumption,2025-05-14T19:18:50.827Z,DKIBOWEN,Pending,false,
P00_G1251_050425,608000,J31100118,2,,,,Output,2025-05-14T19:18:50.827Z,DKIBOWEN,Pending,false,
P00_G1251_050425,609000,KG,2,,,,Output,2025-05-14T19:18:50.827Z,DKIBOWEN,Pending,false,
P00_G1251_050425,610000,P15_J31100119_050425,3,,,,Output,2025-05-14T19:18:50.827Z,DKIBOWEN,Pending,false,
P00_G1251_050425,611000,G1481,1,,,,Consumption,2025-05-14T19:18:50.827Z,DKIBOWEN,Pending,false,
P00_G1251_050425,612000,KG,1,,,,Consumption,2025-05-14T19:18:50.827Z,DKIBOWEN,Pending,false,
P00_G1251_050425,613000,H221003,1,,,,Consumption,2025-05-14T19:18:50.827Z,DKIBOWEN,Pending,false,
P00_G1251_050425,614000,PC,1,,,,Consumption,2025-05-14T19:18:50.827Z,DKIBOWEN,Pending,false,
P00_G1251_050425,615000,J31100119,1,,,,Output,2025-05-14T19:18:50.827Z,DKIBOWEN,Pending,false,
P00_G1251_050425,616000,KG,1,,,,Output,2025-05-14T19:18:50.827Z,DKIBOWEN,Pending,false,
P00_G1251_050425,617000,P15_J31100120_050425,8,,,,Output,2025-05-14T19:18:50.827Z,DKIBOWEN,Pending,false,
P00_G1251_050425,618000,G1482,2,,,,Consumption,2025-05-14T19:18:50.827Z,DKIBOWEN,Pending,false,
P00_G1251_050425,619000,KG,2,,,,Consumption,2025-05-14T19:18:50.827Z,DKIBOWEN,Pending,false,
P00_G1251_050425,620000,H221050,2,,,,Consumption,2025-05-14T19:18:50.827Z,DKIBOWEN,Pending,false,
P00_G1251_050425,621000,PC,2,,,,Consumption,2025-05-14T19:18:50.827Z,DKIBOWEN,Pending,false,
P00_G1251_050425,622000,H221084,2,,,,Consumption,2025-05-14T19:18:50.827Z,DKIBOWEN,Pending,false,
P00_G1251_050425,623000,PC,2,,,,Consumption,2025-05-14T19:18:50.827Z,DKIBOWEN,Pending,false,
P00_G1251_050425,624000,J31100120,2,,,,Output,2025-05-14T19:18:50.827Z,DKIBOWEN,Pending,false,
P00_G1251_050425,625000,KG,2,,,,Output,2025-05-14T19:18:50.827Z,DKIBOWEN,Pending,false,
P00_G1251_050425,626000,P15_J31100124_050425,8,,,,Output,2025-05-14T19:18:50.827Z,DKIBOWEN,Pending,false,
P00_G1251_050425,627000,G5501,2,,,,Consumption,2025-05-14T19:18:50.827Z,DKIBOWEN,Pending,false,
P00_G1251_050425,628000,KG,2,,,,Consumption,2025-05-14T19:18:50.827Z,DKIBOWEN,Pending,false,
P00_G1251_050425,629000,H221050,2,,,,Consumption,2025-05-14T19:18:50.827Z,DKIBOWEN,Pending,false,
P00_G1251_050425,630000,PC,2,,,,Consumption,2025-05-14T19:18:50.827Z,DKIBOWEN,Pending,false,
P00_G1251_050425,631000,H221084,2,,,,Consumption,2025-05-14T19:18:50.827Z,DKIBOWEN,Pending,false,
P00_G1251_050425,632000,PC,2,,,,Consumption,2025-05-14T19:18:50.827Z,DKIBOWEN,Pending,false,
P00_G1251_050425,633000,J31100124,2,,,,Output,2025-05-14T19:18:50.827Z,DKIBOWEN,Pending,false,
P00_G1251_050425,634000,KG,2,,,,Output,2025-05-14T19:18:50.827Z,DKIBOWEN,Pending,false,
P00_G1251_050425,635000,P15_J31100126_050425,12,,,,Output,2025-05-14T19:18:50.827Z,DKIBOWEN,Pending,false,
P00_G1251_050425,636000,G1589,3,,,,Consumption,2025-05-14T19:18:50.827Z,DKIBOWEN,Pending,false,
P00_G1251_050425,637000,KG,3,,,,Consumption,2025-05-14T19:18:50.827Z,DKIBOWEN,Pending,false,
P00_G1251_050425,638000,H221050,3,,,,Consumption,2025-05-14T19:18:50.827Z,DKIBOWEN,Pending,false,
P00_G1251_050425,639000,PC,3,,,,Consumption,2025-05-14T19:18:50.827Z,DKIBOWEN,Pending,false,
P00_G1251_050425,640000,H221086,3,,,,Consumption,2025-05-14T19:18:50.827Z,DKIBOWEN,Pending,false,
P00_G1251_050425,641000,PC,3,,,,Consumption,2025-05-14T19:18:50.827Z,DKIBOWEN,Pending,false,
P00_G1251_050425,642000,J31100126,3,,,,Output,2025-05-14T19:18:50.827Z,DKIBOWEN,Pending,false,
P00_G1251_050425,643000,KG,3,,,,Output,2025-05-14T19:18:50.827Z,DKIBOWEN,Pending,false,
P00_G1251_050425,644000,P15_J31100130_050425,8,,,,Output,2025-05-14T19:18:50.827Z,DKIBOWEN,Pending,false,
P00_G1251_050425,645000,G5512,2,,,,Consumption,2025-05-14T19:18:50.827Z,DKIBOWEN,Pending,false,
P00_G1251_050425,646000,KG,2,,,,Consumption,2025-05-14T19:18:50.827Z,DKIBOWEN,Pending,false,
P00_G1251_050425,647000,H221050,2,,,,Consumption,2025-05-14T19:18:50.827Z,DKIBOWEN,Pending,false,
P00_G1251_050425,648000,PC,2,,,,Consumption,2025-05-14T19:18:50.827Z,DKIBOWEN,Pending,false,
P00_G1251_050425,649000,H221084,2,,,,Consumption,2025-05-14T19:18:50.827Z,DKIBOWEN,Pending,false,
P00_G1251_050425,650000,PC,2,,,,Consumption,2025-05-14T19:18:50.827Z,DKIBOWEN,Pending,false,
P00_G1251_050425,651000,J31100130,2,,,,Output,2025-05-14T19:18:50.827Z,DKIBOWEN,Pending,false,
P00_G1251_050425,652000,KG,2,,,,Output,2025-05-14T19:18:50.827Z,DKIBOWEN,Pending,false,
P00_G1251_050425,653000,P15_J31100168_050425,8,,,,Output,2025-05-14T19:18:50.827Z,DKIBOWEN,Pending,false,
P00_G1251_050425,654000,G1457,2,,,,Consumption,2025-05-14T19:18:50.827Z,DKIBOWEN,Pending,false,
P00_G1251_050425,655000,KG,2,,,,Consumption,2025-05-14T19:18:50.827Z,DKIBOWEN,Pending,false,
P00_G1251_050425,656000,H121029,2,,,,Consumption,2025-05-14T19:18:50.827Z,DKIBOWEN,Pending,false,
P00_G1251_050425,657000,MTR,2,,,,Consumption,2025-05-14T19:18:50.827Z,DKIBOWEN,Pending,false,
P00_G1251_050425,658000,H221050,2,,,,Consumption,2025-05-14T19:18:50.827Z,DKIBOWEN,Pending,false,
P00_G1251_050425,659000,PC,2,,,,Consumption,2025-05-14T19:18:50.827Z,DKIBOWEN,Pending,false,
P00_G1251_050425,660000,J31100168,2,,,,Output,2025-05-14T19:18:50.827Z,DKIBOWEN,Pending,false,
P00_G1251_050425,661000,KG,2,,,,Output,2025-05-14T19:18:50.827Z,DKIBOWEN,Pending,false,
P00_G1251_050425,662000,P15_J31100169_050425,4,,,,Output,2025-05-14T19:18:50.827Z,DKIBOWEN,Pending,false,
P00_G1251_050425,663000,G1507,1,,,,Consumption,2025-05-14T19:18:50.827Z,DKIBOWEN,Pending,false,
P00_G1251_050425,664000,KG,1,,,,Consumption,2025-05-14T19:18:50.827Z,DKIBOWEN,Pending,false,
P00_G1251_050425,665000,H221003,1,,,,Consumption,2025-05-14T19:18:50.827Z,DKIBOWEN,Pending,false,
P00_G1251_050425,666000,PC,1,,,,Consumption,2025-05-14T19:18:50.827Z,DKIBOWEN,Pending,false,
P00_G1251_050425,667000,H221050,1,,,,Consumption,2025-05-14T19:18:50.827Z,DKIBOWEN,Pending,false,
P00_G1251_050425,668000,PC,1,,,,Consumption,2025-05-14T19:18:50.827Z,DKIBOWEN,Pending,false,
P00_G1251_050425,669000,J31100169,1,,,,Output,2025-05-14T19:18:50.827Z,DKIBOWEN,Pending,false,
P00_G1251_050425,670000,KG,1,,,,Output,2025-05-14T19:18:50.827Z,DKIBOWEN,Pending,false,
P00_G1251_050425,671000,P15_J31100193_050425,4,,,,Output,2025-05-14T19:18:50.827Z,DKIBOWEN,Pending,false,
P00_G1251_050425,672000,G1476,1,,,,Consumption,2025-05-14T19:18:50.827Z,DKIBOWEN,Pending,false,
P00_G1251_050425,673000,KG,1,,,,Consumption,2025-05-14T19:18:50.827Z,DKIBOWEN,Pending,false,
P00_G1251_050425,674000,H121016,1,,,,Consumption,2025-05-14T19:18:50.827Z,DKIBOWEN,Pending,false,
P00_G1251_050425,675000,PC,1,,,,Consumption,2025-05-14T19:18:50.827Z,DKIBOWEN,Pending,false,
P00_G1251_050425,676000,H221050,1,,,,Consumption,2025-05-14T19:18:50.827Z,DKIBOWEN,Pending,false,
P00_G1251_050425,677000,PC,1,,,,Consumption,2025-05-14T19:18:50.827Z,DKIBOWEN,Pending,false,
P00_G1251_050425,678000,J31100193,1,,,,Output,2025-05-14T19:18:50.827Z,DKIBOWEN,Pending,false,
P00_G1251_050425,679000,KG,1,,,,Output,2025-05-14T19:18:50.827Z,DKIBOWEN,Pending,false,
P00_G1251_050425,680000,P15_J31100207_050425,40,,,,Output,2025-05-14T19:18:50.827Z,DKIBOWEN,Pending,false,
P00_G1251_050425,681000,G1586,10,,,,Consumption,2025-05-14T19:18:50.827Z,DKIBOWEN,Pending,false,
P00_G1251_050425,682000,KG,10,,,,Consumption,2025-05-14T19:18:50.827Z,DKIBOWEN,Pending,false,
P00_G1251_050425,683000,H221050,10,,,,Consumption,2025-05-14T19:18:50.827Z,DKIBOWEN,Pending,false,
P00_G1251_050425,684000,PC,10,,,,Consumption,2025-05-14T19:18:50.827Z,DKIBOWEN,Pending,false,
P00_G1251_050425,685000,H221085,10,,,,Consumption,2025-05-14T19:18:50.827Z,DKIBOWEN,Pending,false,
P00_G1251_050425,686000,PC,10,,,,Consumption,2025-05-14T19:18:50.827Z,DKIBOWEN,Pending,false,
P00_G1251_050425,687000,J31100207,10,,,,Output,2025-05-14T19:18:50.827Z,DKIBOWEN,Pending,false,
P00_G1251_050425,688000,KG,10,,,,Output,2025-05-14T19:18:50.827Z,DKIBOWEN,Pending,false,
P00_G1251_050425,689000,P15_J31100272_050425,16,,,,Output,2025-05-14T19:18:50.827Z,DKIBOWEN,Pending,false,
P00_G1251_050425,690000,G1590,4,,,,Consumption,2025-05-14T19:18:50.827Z,DKIBOWEN,Pending,false,
P00_G1251_050425,691000,KG,4,,,,Consumption,2025-05-14T19:18:50.827Z,DKIBOWEN,Pending,false,
P00_G1251_050425,692000,H221050,4,,,,Consumption,2025-05-14T19:18:50.827Z,DKIBOWEN,Pending,false,
P00_G1251_050425,693000,PC,4,,,,Consumption,2025-05-14T19:18:50.827Z,DKIBOWEN,Pending,false,
P00_G1251_050425,694000,H221084,4,,,,Consumption,2025-05-14T19:18:50.827Z,DKIBOWEN,Pending,false,
P00_G1251_050425,695000,PC,4,,,,Consumption,2025-05-14T19:18:50.827Z,DKIBOWEN,Pending,false,
P00_G1251_050425,696000,J31100272,4,,,,Output,2025-05-14T19:18:50.827Z,DKIBOWEN,Pending,false,
P00_G1251_050425,697000,KG,4,,,,Output,2025-05-14T19:18:50.827Z,DKIBOWEN,Pending,false,
P00_G1251_050425,698000,P15_J31100301_050425,4,,,,Output,2025-05-14T19:18:50.827Z,DKIBOWEN,Pending,false,
P00_G1251_050425,699000,G5501,1,,,,Consumption,2025-05-14T19:18:50.827Z,DKIBOWEN,Pending,false,
P00_G1251_050425,700000,KG,1,,,,Consumption,2025-05-14T19:18:50.827Z,DKIBOWEN,Pending,false,
P00_G1251_050425,701000,H221050,1,,,,Consumption,2025-05-14T19:18:50.827Z,DKIBOWEN,Pending,false,
P00_G1251_050425,702000,PC,1,,,,Consumption,2025-05-14T19:18:50.827Z,DKIBOWEN,Pending,false,
P00_G1251_050425,703000,H221084,1,,,,Consumption,2025-05-14T19:18:50.827Z,DKIBOWEN,Pending,false,
P00_G1251_050425,704000,PC,1,,,,Consumption,2025-05-14T19:18:50.827Z,DKIBOWEN,Pending,false,
P00_G1251_050425,705000,J31100301,1,,,,Output,2025-05-14T19:18:50.827Z,DKIBOWEN,Pending,false,
P00_G1251_050425,706000,KG,1,,,,Output,2025-05-14T19:18:50.827Z,DKIBOWEN,Pending,false,
P00_G1251_050425,707000,P15_J31100326_050425,8,,,,Output,2025-05-14T19:18:50.827Z,DKIBOWEN,Pending,false,
P00_G1251_050425,708000,G1587,2,,,,Consumption,2025-05-14T19:18:50.827Z,DKIBOWEN,Pending,false,
P00_G1251_050425,709000,KG,2,,,,Consumption,2025-05-14T19:18:50.827Z,DKIBOWEN,Pending,false,
P00_G1251_050425,710000,H221003,2,,,,Consumption,2025-05-14T19:18:50.827Z,DKIBOWEN,Pending,false,
P00_G1251_050425,711000,PC,2,,,,Consumption,2025-05-14T19:18:50.827Z,DKIBOWEN,Pending,false,
P00_G1251_050425,712000,H221050,2,,,,Consumption,2025-05-14T19:18:50.827Z,DKIBOWEN,Pending,false,
P00_G1251_050425,713000,PC,2,,,,Consumption,2025-05-14T19:18:50.827Z,DKIBOWEN,Pending,false,
P00_G1251_050425,714000,J31100326,2,,,,Output,2025-05-14T19:18:50.827Z,DKIBOWEN,Pending,false,
P00_G1251_050425,715000,KG,2,,,,Output,2025-05-14T19:18:50.827Z,DKIBOWEN,Pending,false,
P00_G1251_050425,716000,P15_J31100355_050425,12,,,,Output,2025-05-14T19:18:50.827Z,DKIBOWEN,Pending,false,
P00_G1251_050425,717000,G1434,3,,,,Consumption,2025-05-14T19:18:50.827Z,DKIBOWEN,Pending,false,
P00_G1251_050425,718000,KG,3,,,,Consumption,2025-05-14T19:18:50.827Z,DKIBOWEN,Pending,false,
P00_G1251_050425,719000,H221003,3,,,,Consumption,2025-05-14T19:18:50.827Z,DKIBOWEN,Pending,false,
P00_G1251_050425,720000,PC,3,,,,Consumption,2025-05-14T19:18:50.827Z,DKIBOWEN,Pending,false,
P00_G1251_050425,721000,H221050,3,,,,Consumption,2025-05-14T19:18:50.827Z,DKIBOWEN,Pending,false,
P00_G1251_050425,722000,PC,3,,,,Consumption,2025-05-14T19:18:50.827Z,DKIBOWEN,Pending,false,
P00_G1251_050425,723000,J31100355,3,,,,Output,2025-05-14T19:18:50.827Z,DKIBOWEN,Pending,false,
P00_G1251_050425,724000,KG,3,,,,Output,2025-05-14T19:18:50.827Z,DKIBOWEN,Pending,false,
P00_G1251_050425,725000,P15_J31100371_050425,6,,,,Output,2025-05-14T19:18:50.827Z,DKIBOWEN,Pending,false,
P00_G1251_050425,726000,G15516,2,,,,Consumption,2025-05-14T19:18:50.827Z,DKIBOWEN,Pending,false,
P00_G1251_050425,727000,KG,2,,,,Consumption,2025-05-14T19:18:50.827Z,DKIBOWEN,Pending,false,
P00_G1251_050425,728000,H221003,2,,,,Consumption,2025-05-14T19:18:50.827Z,DKIBOWEN,Pending,false,
P00_G1251_050425,729000,PC,2,,,,Consumption,2025-05-14T19:18:50.827Z,DKIBOWEN,Pending,false,
P00_G1251_050425,730000,J31100371,2,,,,Output,2025-05-14T19:18:50.827Z,DKIBOWEN,Pending,false,
P00_G1251_050425,731000,KG,2,,,,Output,2025-05-14T19:18:50.827Z,DKIBOWEN,Pending,false,
P00_G1251_050425,732000,P15_J31100376_050425,4,,,,Output,2025-05-14T19:18:50.827Z,DKIBOWEN,Pending,false,
P00_G1251_050425,733000,G1474,1,,,,Consumption,2025-05-14T19:18:50.827Z,DKIBOWEN,Pending,false,
P00_G1251_050425,734000,KG,1,,,,Consumption,2025-05-14T19:18:50.827Z,DKIBOWEN,Pending,false,
P00_G1251_050425,735000,H121014,1,,,,Consumption,2025-05-14T19:18:50.827Z,DKIBOWEN,Pending,false,
P00_G1251_050425,736000,PC,1,,,,Consumption,2025-05-14T19:18:50.827Z,DKIBOWEN,Pending,false,
P00_G1251_050425,737000,H221050,1,,,,Consumption,2025-05-14T19:18:50.827Z,DKIBOWEN,Pending,false,
P00_G1251_050425,738000,PC,1,,,,Consumption,2025-05-14T19:18:50.827Z,DKIBOWEN,Pending,false,
P00_G1251_050425,739000,J31100376,1,,,,Output,2025-05-14T19:18:50.827Z,DKIBOWEN,Pending,false,
P00_G1251_050425,740000,KG,1,,,,Output,2025-05-14T19:18:50.827Z,DKIBOWEN,Pending,false,
P00_G1251_050425,741000,P15_J31121002_050425,30,,,,Output,2025-05-14T19:18:50.827Z,DKIBOWEN,Pending,false,
P00_G1251_050425,742000,G5704,6,,,,Consumption,2025-05-14T19:18:50.827Z,DKIBOWEN,Pending,false,
P00_G1251_050425,743000,KG,6,,,,Consumption,2025-05-14T19:18:50.827Z,DKIBOWEN,Pending,false,
P00_G1251_050425,744000,H121022,6,,,,Consumption,2025-05-14T19:18:50.827Z,DKIBOWEN,Pending,false,
P00_G1251_050425,745000,PC,6,,,,Consumption,2025-05-14T19:18:50.827Z,DKIBOWEN,Pending,false,
P00_G1251_050425,746000,H221050,6,,,,Consumption,2025-05-14T19:18:50.827Z,DKIBOWEN,Pending,false,
P00_G1251_050425,747000,PC,6,,,,Consumption,2025-05-14T19:18:50.827Z,DKIBOWEN,Pending,false,
P00_G1251_050425,748000,H221083,6,,,,Consumption,2025-05-14T19:18:50.827Z,DKIBOWEN,Pending,false,
P00_G1251_050425,749000,PC,6,,,,Consumption,2025-05-14T19:18:50.827Z,DKIBOWEN,Pending,false,
P00_G1251_050425,750000,J31121002,6,,,,Output,2025-05-14T19:18:50.827Z,DKIBOWEN,Pending,false,
P00_G1251_050425,751000,KG,6,,,,Output,2025-05-14T19:18:50.827Z,DKIBOWEN,Pending,false,
P00_G1251_050425,752000,P15_J31121005_050425,8,,,,Output,2025-05-14T19:18:50.827Z,DKIBOWEN,Pending,false,
P00_G1251_050425,753000,G5705,2,,,,Consumption,2025-05-14T19:18:50.827Z,DKIBOWEN,Pending,false,
P00_G1251_050425,754000,KG,2,,,,Consumption,2025-05-14T19:18:50.827Z,DKIBOWEN,Pending,false,
P00_G1251_050425,755000,H221016,2,,,,Consumption,2025-05-14T19:18:50.827Z,DKIBOWEN,Pending,false,
P00_G1251_050425,756000,PC,2,,,,Consumption,2025-05-14T19:18:50.827Z,DKIBOWEN,Pending,false,
P00_G1251_050425,757000,H221050,2,,,,Consumption,2025-05-14T19:18:50.827Z,DKIBOWEN,Pending,false,
P00_G1251_050425,758000,PC,2,,,,Consumption,2025-05-14T19:18:50.827Z,DKIBOWEN,Pending,false,
P00_G1251_050425,759000,J31121005,2,,,,Output,2025-05-14T19:18:50.827Z,DKIBOWEN,Pending,false,
P00_G1251_050425,760000,KG,2,,,,Output,2025-05-14T19:18:50.827Z,DKIBOWEN,Pending,false,
P00_G1251_050425,761000,P15_J31121007_050425,4,,,,Output,2025-05-14T19:18:50.827Z,DKIBOWEN,Pending,false,
P00_G1251_050425,762000,G1961-[M],1,,,,Consumption,2025-05-14T19:18:50.827Z,DKIBOWEN,Pending,false,
P00_G1251_050425,763000,KG,1,,,,Consumption,2025-05-14T19:18:50.827Z,DKIBOWEN,Pending,false,
P00_G1251_050425,764000,H221050,1,,,,Consumption,2025-05-14T19:18:50.827Z,DKIBOWEN,Pending,false,
P00_G1251_050425,765000,PC,1,,,,Consumption,2025-05-14T19:18:50.827Z,DKIBOWEN,Pending,false,
P00_G1251_050425,766000,H221160,1,,,,Consumption,2025-05-14T19:18:50.827Z,DKIBOWEN,Pending,false,
P00_G1251_050425,767000,PC,1,,,,Consumption,2025-05-14T19:18:50.827Z,DKIBOWEN,Pending,false,
P00_G1251_050425,768000,J31121007,1,,,,Output,2025-05-14T19:18:50.827Z,DKIBOWEN,Pending,false,
P00_G1251_050425,769000,KG,1,,,,Output,2025-05-14T19:18:50.827Z,DKIBOWEN,Pending,false,
P00_G1251_050425,770000,P15_J31121009_050425,8,,,,Output,2025-05-14T19:18:50.827Z,DKIBOWEN,Pending,false,
P00_G1251_050425,771000,G1928,2,,,,Consumption,2025-05-14T19:18:50.827Z,DKIBOWEN,Pending,false,
P00_G1251_050425,772000,KG,2,,,,Consumption,2025-05-14T19:18:50.827Z,DKIBOWEN,Pending,false,
P00_G1251_050425,773000,H221003,2,,,,Consumption,2025-05-14T19:18:50.827Z,DKIBOWEN,Pending,false,
P00_G1251_050425,774000,PC,2,,,,Consumption,2025-05-14T19:18:50.827Z,DKIBOWEN,Pending,false,
P00_G1251_050425,775000,H221050,2,,,,Consumption,2025-05-14T19:18:50.827Z,DKIBOWEN,Pending,false,
P00_G1251_050425,776000,PC,2,,,,Consumption,2025-05-14T19:18:50.827Z,DKIBOWEN,Pending,false,
P00_G1251_050425,777000,J31121009,2,,,,Output,2025-05-14T19:18:50.827Z,DKIBOWEN,Pending,false,
P00_G1251_050425,778000,KG,2,,,,Output,2025-05-14T19:18:50.827Z,DKIBOWEN,Pending,false,
P00_G1251_050425,779000,P15_J31121011_050425,32,,,,Output,2025-05-14T19:18:50.827Z,DKIBOWEN,Pending,false,
P00_G1251_050425,780000,G19691,8,,,,Consumption,2025-05-14T19:18:50.827Z,DKIBOWEN,Pending,false,
P00_G1251_050425,781000,KG,8,,,,Consumption,2025-05-14T19:18:50.827Z,DKIBOWEN,Pending,false,
P00_G1251_050425,782000,H221050,8,,,,Consumption,2025-05-14T19:18:50.827Z,DKIBOWEN,Pending,false,
P00_G1251_050425,783000,PC,8,,,,Consumption,2025-05-14T19:18:50.827Z,DKIBOWEN,Pending,false,
P00_G1251_050425,784000,H221084,8,,,,Consumption,2025-05-14T19:18:50.827Z,DKIBOWEN,Pending,false,
P00_G1251_050425,785000,PC,8,,,,Consumption,2025-05-14T19:18:50.827Z,DKIBOWEN,Pending,false,
P00_G1251_050425,786000,J31121011,8,,,,Output,2025-05-14T19:18:50.827Z,DKIBOWEN,Pending,false,
P00_G1251_050425,787000,KG,8,,,,Output,2025-05-14T19:18:50.827Z,DKIBOWEN,Pending,false,
P00_G1251_050425,788000,P15_J31121018_050425,20,,,,Output,2025-05-14T19:18:50.827Z,DKIBOWEN,Pending,false,
P00_G1251_050425,789000,G1962,5,,,,Consumption,2025-05-14T19:18:50.827Z,DKIBOWEN,Pending,false,
P00_G1251_050425,790000,KG,5,,,,Consumption,2025-05-14T19:18:50.827Z,DKIBOWEN,Pending,false,
P00_G1251_050425,791000,H221003,5,,,,Consumption,2025-05-14T19:18:50.827Z,DKIBOWEN,Pending,false,
P00_G1251_050425,792000,PC,5,,,,Consumption,2025-05-14T19:18:50.827Z,DKIBOWEN,Pending,false,
P00_G1251_050425,793000,H221050,5,,,,Consumption,2025-05-14T19:18:50.827Z,DKIBOWEN,Pending,false,
P00_G1251_050425,794000,PC,5,,,,Consumption,2025-05-14T19:18:50.827Z,DKIBOWEN,Pending,false,
P00_G1251_050425,795000,J31121018,5,,,,Output,2025-05-14T19:18:50.827Z,DKIBOWEN,Pending,false,
P00_G1251_050425,796000,KG,5,,,,Output,2025-05-14T19:18:50.827Z,DKIBOWEN,Pending,false,
P00_G1251_050425,797000,P16_G2001_050425,72,,,,Output,2025-05-14T19:18:50.827Z,DKIBOWEN,Pending,false,
P00_G1251_050425,798000,G1232,28,,,,Consumption,2025-05-14T19:18:50.827Z,DKIBOWEN,Pending,false,
P00_G1251_050425,799000,KG,28,,,,Consumption,2025-05-14T19:18:50.827Z,DKIBOWEN,Pending,false,
P00_G1251_050425,800000,G1234,4,,,,Consumption,2025-05-14T19:18:50.827Z,DKIBOWEN,Pending,false,
P00_G1251_050425,801000,KG,4,,,,Consumption,2025-05-14T19:18:50.827Z,DKIBOWEN,Pending,false,
P00_G1251_050425,802000,G1471,4,,,,Consumption,2025-05-14T19:18:50.827Z,DKIBOWEN,Pending,false,
P00_G1251_050425,803000,KG,4,,,,Consumption,2025-05-14T19:18:50.827Z,DKIBOWEN,Pending,false,
P00_G1251_050425,804000,G2001,36,,,,Output,2025-05-14T19:18:50.827Z,DKIBOWEN,Pending,false,
P00_G1251_050425,805000,KG,36,,,,Output,2025-05-14T19:18:50.827Z,DKIBOWEN,Pending,false,
P00_G1251_050425,806000,P16_G2005_050425,134,,,,Output,2025-05-14T19:18:50.827Z,DKIBOWEN,Pending,false,
P00_G1251_050425,807000,G1291,67,,,,Consumption,2025-05-14T19:18:50.827Z,DKIBOWEN,Pending,false,
P00_G1251_050425,808000,KG,67,,,,Consumption,2025-05-14T19:18:50.827Z,DKIBOWEN,Pending,false,
P00_G1251_050425,809000,G2005,67,,,,Output,2025-05-14T19:18:50.827Z,DKIBOWEN,Pending,false,
P00_G1251_050425,810000,KG,67,,,,Output,2025-05-14T19:18:50.827Z,DKIBOWEN,Pending,false,
P00_G1251_050425,811000,P16_G2007_050425,68,,,,Output,2025-05-14T19:18:50.827Z,DKIBOWEN,Pending,false,
P00_G1251_050425,812000,G1269,8,,,,Consumption,2025-05-14T19:18:50.827Z,DKIBOWEN,Pending,false,
P00_G1251_050425,813000,KG,8,,,,Consumption,2025-05-14T19:18:50.827Z,DKIBOWEN,Pending,false,
P00_G1251_050425,814000,G1270,25,,,,Consumption,2025-05-14T19:18:50.827Z,DKIBOWEN,Pending,false,
P00_G1251_050425,815000,KG,25,,,,Consumption,2025-05-14T19:18:50.827Z,DKIBOWEN,Pending,false,
P00_G1251_050425,816000,G1315,1,,,,Consumption,2025-05-14T19:18:50.827Z,DKIBOWEN,Pending,false,
P00_G1251_050425,817000,KG,1,,,,Consumption,2025-05-14T19:18:50.827Z,DKIBOWEN,Pending,false,
P00_G1251_050425,818000,G2007,34,,,,Output,2025-05-14T19:18:50.827Z,DKIBOWEN,Pending,false,
P00_G1251_050425,819000,KG,34,,,,Output,2025-05-14T19:18:50.827Z,DKIBOWEN,Pending,false,
P00_G1251_050425,820000,P16_G2008_050425,20,,,,Output,2025-05-14T19:18:50.827Z,DKIBOWEN,Pending,false,
P00_G1251_050425,821000,G1230,10,,,,Consumption,2025-05-14T19:18:50.827Z,DKIBOWEN,Pending,false,
P00_G1251_050425,822000,KG,10,,,,Consumption,2025-05-14T19:18:50.827Z,DKIBOWEN,Pending,false,
P00_G1251_050425,823000,G2008,10,,,,Output,2025-05-14T19:18:50.827Z,DKIBOWEN,Pending,false,
P00_G1251_050425,824000,KG,10,,,,Output,2025-05-14T19:18:50.827Z,DKIBOWEN,Pending,false,
P00_G1251_050425,825000,P16_G2009_050425,88,,,,Output,2025-05-14T19:18:50.827Z,DKIBOWEN,Pending,false,
P00_G1251_050425,826000,G1464,44,,,,Consumption,2025-05-14T19:18:50.827Z,DKIBOWEN,Pending,false,
P00_G1251_050425,827000,KG,44,,,,Consumption,2025-05-14T19:18:50.827Z,DKIBOWEN,Pending,false,
P00_G1251_050425,828000,G2009,44,,,,Output,2025-05-14T19:18:50.827Z,DKIBOWEN,Pending,false,
P00_G1251_050425,829000,KG,44,,,,Output,2025-05-14T19:18:50.827Z,DKIBOWEN,Pending,false,
P00_G1251_050425,830000,P16_G2014_050425,2,,,,Output,2025-05-14T19:18:50.827Z,DKIBOWEN,Pending,false,
P00_G1251_050425,831000,G1296,1,,,,Consumption,2025-05-14T19:18:50.827Z,DKIBOWEN,Pending,false,
P00_G1251_050425,832000,KG,1,,,,Consumption,2025-05-14T19:18:50.827Z,DKIBOWEN,Pending,false,
P00_G1251_050425,833000,G2014,1,,,,Output,2025-05-14T19:18:50.827Z,DKIBOWEN,Pending,false,
P00_G1251_050425,834000,KG,1,,,,Output,2025-05-14T19:18:50.827Z,DKIBOWEN,Pending,false,
P00_G1251_050425,835000,P16_G2019_050425,2,,,,Output,2025-05-14T19:18:50.827Z,DKIBOWEN,Pending,false,
P00_G1251_050425,836000,G1237,1,,,,Consumption,2025-05-14T19:18:50.827Z,DKIBOWEN,Pending,false,
P00_G1251_050425,837000,KG,1,,,,Consumption,2025-05-14T19:18:50.827Z,DKIBOWEN,Pending,false,
P00_G1251_050425,838000,G2019,1,,,,Output,2025-05-14T19:18:50.827Z,DKIBOWEN,Pending,false,
P00_G1251_050425,839000,KG,1,,,,Output,2025-05-14T19:18:50.827Z,DKIBOWEN,Pending,false,
P00_G1251_050425,840000,P16_G2022_050425,2,,,,Output,2025-05-14T19:18:50.827Z,DKIBOWEN,Pending,false,
P00_G1251_050425,841000,G1238,1,,,,Consumption,2025-05-14T19:18:50.827Z,DKIBOWEN,Pending,false,
P00_G1251_050425,842000,KG,1,,,,Consumption,2025-05-14T19:18:50.827Z,DKIBOWEN,Pending,false,
P00_G1251_050425,843000,G2022,1,,,,Output,2025-05-14T19:18:50.827Z,DKIBOWEN,Pending,false,
P00_G1251_050425,844000,KG,1,,,,Output,2025-05-14T19:18:50.827Z,DKIBOWEN,Pending,false,
P00_G1251_050425,845000,P16_G2038_050425,4,,,,Output,2025-05-14T19:18:50.827Z,DKIBOWEN,Pending,false,
P00_G1251_050425,846000,G1933,2,,,,Consumption,2025-05-14T19:18:50.827Z,DKIBOWEN,Pending,false,
P00_G1251_050425,847000,KG,2,,,,Consumption,2025-05-14T19:18:50.827Z,DKIBOWEN,Pending,false,
P00_G1251_050425,848000,G2038,2,,,,Output,2025-05-14T19:18:50.827Z,DKIBOWEN,Pending,false,
P00_G1251_050425,849000,KG,2,,,,Output,2025-05-14T19:18:50.827Z,DKIBOWEN,Pending,false,
P00_G1251_050425,850000,P16_G2044_050425,48,,,,Output,2025-05-14T19:18:50.827Z,DKIBOWEN,Pending,false,
P00_G1251_050425,851000,G1338,24,,,,Consumption,2025-05-14T19:18:50.827Z,DKIBOWEN,Pending,false,
P00_G1251_050425,852000,KG,24,,,,Consumption,2025-05-14T19:18:50.827Z,DKIBOWEN,Pending,false,
P00_G1251_050425,853000,G2044,24,,,,Output,2025-05-14T19:18:50.827Z,DKIBOWEN,Pending,false,
P00_G1251_050425,854000,KG,24,,,,Output,2025-05-14T19:18:50.827Z,DKIBOWEN,Pending,false,
P00_G1251_050425,855000,P16_G2054_050425,6,,,,Output,2025-05-14T19:18:50.827Z,DKIBOWEN,Pending,false,
P00_G1251_050425,856000,G5513,3,,,,Consumption,2025-05-14T19:18:50.827Z,DKIBOWEN,Pending,false,
P00_G1251_050425,857000,KG,3,,,,Consumption,2025-05-14T19:18:50.827Z,DKIBOWEN,Pending,false,
P00_G1251_050425,858000,G2054,3,,,,Output,2025-05-14T19:18:50.827Z,DKIBOWEN,Pending,false,
P00_G1251_050425,859000,KG,3,,,,Output,2025-05-14T19:18:50.827Z,DKIBOWEN,Pending,false,
P00_G1251_050425,860000,P19_G2306_050425,204,,,,Output,2025-05-14T19:18:50.827Z,DKIBOWEN,Pending,false,
P00_G1251_050425,861000,G2206,51,,,,Consumption,2025-05-14T19:18:50.827Z,DKIBOWEN,Pending,false,
P00_G1251_050425,862000,KG,51,,,,Consumption,2025-05-14T19:18:50.827Z,DKIBOWEN,Pending,false,
P00_G1251_050425,863000,H132005,51,,,,Consumption,2025-05-14T19:18:50.827Z,DKIBOWEN,Pending,false,
P00_G1251_050425,864000,MTR,51,,,,Consumption,2025-05-14T19:18:50.827Z,DKIBOWEN,Pending,false,
P00_G1251_050425,865000,H221165,51,,,,Consumption,2025-05-14T19:18:50.827Z,DKIBOWEN,Pending,false,
P00_G1251_050425,866000,PC,51,,,,Consumption,2025-05-14T19:18:50.827Z,DKIBOWEN,Pending,false,
P00_G1251_050425,867000,G2306,51,,,,Output,2025-05-14T19:18:50.827Z,DKIBOWEN,Pending,false,
P00_G1251_050425,868000,KG,51,,,,Output,2025-05-14T19:18:50.827Z,DKIBOWEN,Pending,false,
P00_G1251_050425,869000,P19_G2308_050425,8,,,,Output,2025-05-14T19:18:50.827Z,DKIBOWEN,Pending,false,
P00_G1251_050425,870000,G2208,2,,,,Consumption,2025-05-14T19:18:50.827Z,DKIBOWEN,Pending,false,
P00_G1251_050425,871000,KG,2,,,,Consumption,2025-05-14T19:18:50.827Z,DKIBOWEN,Pending,false,
P00_G1251_050425,872000,H132012,2,,,,Consumption,2025-05-14T19:18:50.827Z,DKIBOWEN,Pending,false,
P00_G1251_050425,873000,MTR,2,,,,Consumption,2025-05-14T19:18:50.827Z,DKIBOWEN,Pending,false,
P00_G1251_050425,874000,H221165,2,,,,Consumption,2025-05-14T19:18:50.827Z,DKIBOWEN,Pending,false,
P00_G1251_050425,875000,PC,2,,,,Consumption,2025-05-14T19:18:50.827Z,DKIBOWEN,Pending,false,
P00_G1251_050425,876000,G2308,2,,,,Output,2025-05-14T19:18:50.827Z,DKIBOWEN,Pending,false,
P00_G1251_050425,877000,KG,2,,,,Output,2025-05-14T19:18:50.827Z,DKIBOWEN,Pending,false,
P00_G1251_050425,878000,P19_G2309_050425,16,,,,Output,2025-05-14T19:18:50.827Z,DKIBOWEN,Pending,false,
P00_G1251_050425,879000,G2208,4,,,,Consumption,2025-05-14T19:18:50.827Z,DKIBOWEN,Pending,false,
P00_G1251_050425,880000,KG,4,,,,Consumption,2025-05-14T19:18:50.827Z,DKIBOWEN,Pending,false,
P00_G1251_050425,881000,H132003,4,,,,Consumption,2025-05-14T19:18:50.827Z,DKIBOWEN,Pending,false,
P00_G1251_050425,882000,MTR,4,,,,Consumption,2025-05-14T19:18:50.827Z,DKIBOWEN,Pending,false,
P00_G1251_050425,883000,H221165,4,,,,Consumption,2025-05-14T19:18:50.827Z,DKIBOWEN,Pending,false,
P00_G1251_050425,884000,PC,4,,,,Consumption,2025-05-14T19:18:50.827Z,DKIBOWEN,Pending,false,
P00_G1251_050425,885000,G2309,4,,,,Output,2025-05-14T19:18:50.827Z,DKIBOWEN,Pending,false,
P00_G1251_050425,886000,KG,4,,,,Output,2025-05-14T19:18:50.827Z,DKIBOWEN,Pending,false,
P00_G1251_050425,887000,P19_G2311_050425,88,,,,Output,2025-05-14T19:18:50.827Z,DKIBOWEN,Pending,false,
P00_G1251_050425,888000,G2211,22,,,,Consumption,2025-05-14T19:18:50.827Z,DKIBOWEN,Pending,false,
P00_G1251_050425,889000,KG,22,,,,Consumption,2025-05-14T19:18:50.827Z,DKIBOWEN,Pending,false,
P00_G1251_050425,890000,H132012,22,,,,Consumption,2025-05-14T19:18:50.827Z,DKIBOWEN,Pending,false,
P00_G1251_050425,891000,MTR,22,,,,Consumption,2025-05-14T19:18:50.827Z,DKIBOWEN,Pending,false,
P00_G1251_050425,892000,H221165,22,,,,Consumption,2025-05-14T19:18:50.827Z,DKIBOWEN,Pending,false,
P00_G1251_050425,893000,PC,22,,,,Consumption,2025-05-14T19:18:50.827Z,DKIBOWEN,Pending,false,
P00_G1251_050425,894000,G2311,22,,,,Output,2025-05-14T19:18:50.827Z,DKIBOWEN,Pending,false,
P00_G1251_050425,895000,KG,22,,,,Output,2025-05-14T19:18:50.827Z,DKIBOWEN,Pending,false,
P00_G1251_050425,896000,P19_G2313_050425,64,,,,Output,2025-05-14T19:18:50.827Z,DKIBOWEN,Pending,false,
P00_G1251_050425,897000,G2211,16,,,,Consumption,2025-05-14T19:18:50.827Z,DKIBOWEN,Pending,false,
P00_G1251_050425,898000,KG,16,,,,Consumption,2025-05-14T19:18:50.827Z,DKIBOWEN,Pending,false,
P00_G1251_050425,899000,H132008,16,,,,Consumption,2025-05-14T19:18:50.827Z,DKIBOWEN,Pending,false,
P00_G1251_050425,900000,MTR,16,,,,Consumption,2025-05-14T19:18:50.827Z,DKIBOWEN,Pending,false,
P00_G1251_050425,901000,H221165,16,,,,Consumption,2025-05-14T19:18:50.827Z,DKIBOWEN,Pending,false,
P00_G1251_050425,902000,PC,16,,,,Consumption,2025-05-14T19:18:50.827Z,DKIBOWEN,Pending,false,
P00_G1251_050425,903000,G2313,16,,,,Output,2025-05-14T19:18:50.827Z,DKIBOWEN,Pending,false,
P00_G1251_050425,904000,KG,16,,,,Output,2025-05-14T19:18:50.827Z,DKIBOWEN,Pending,false,
P00_G1251_050425,905000,P19_G2321_050425,4,,,,Output,2025-05-14T19:18:50.827Z,DKIBOWEN,Pending,false,
P00_G1251_050425,906000,G2221,1,,,,Consumption,2025-05-14T19:18:50.827Z,DKIBOWEN,Pending,false,
P00_G1251_050425,907000,KG,1,,,,Consumption,2025-05-14T19:18:50.827Z,DKIBOWEN,Pending,false,
P00_G1251_050425,908000,H132012,1,,,,Consumption,2025-05-14T19:18:50.827Z,DKIBOWEN,Pending,false,
P00_G1251_050425,909000,MTR,1,,,,Consumption,2025-05-14T19:18:50.827Z,DKIBOWEN,Pending,false,
P00_G1251_050425,910000,H221165,1,,,,Consumption,2025-05-14T19:18:50.827Z,DKIBOWEN,Pending,false,
P00_G1251_050425,911000,PC,1,,,,Consumption,2025-05-14T19:18:50.827Z,DKIBOWEN,Pending,false,
P00_G1251_050425,912000,G2321,1,,,,Output,2025-05-14T19:18:50.827Z,DKIBOWEN,Pending,false,
P00_G1251_050425,913000,KG,1,,,,Output,2025-05-14T19:18:50.827Z,DKIBOWEN,Pending,false,
P00_G1251_050425,914000,P19_G2322_050425,112,,,,Output,2025-05-14T19:18:50.827Z,DKIBOWEN,Pending,false,
P00_G1251_050425,915000,G2222,28,,,,Consumption,2025-05-14T19:18:50.827Z,DKIBOWEN,Pending,false,
P00_G1251_050425,916000,KG,28,,,,Consumption,2025-05-14T19:18:50.827Z,DKIBOWEN,Pending,false,
P00_G1251_050425,917000,H132012,28,,,,Consumption,2025-05-14T19:18:50.827Z,DKIBOWEN,Pending,false,
P00_G1251_050425,918000,MTR,28,,,,Consumption,2025-05-14T19:18:50.827Z,DKIBOWEN,Pending,false,
P00_G1251_050425,919000,H221165,28,,,,Consumption,2025-05-14T19:18:50.827Z,DKIBOWEN,Pending,false,
P00_G1251_050425,920000,PC,28,,,,Consumption,2025-05-14T19:18:50.827Z,DKIBOWEN,Pending,false,
P00_G1251_050425,921000,G2322,28,,,,Output,2025-05-14T19:18:50.827Z,DKIBOWEN,Pending,false,
P00_G1251_050425,922000,KG,28,,,,Output,2025-05-14T19:18:50.827Z,DKIBOWEN,Pending,false,
P00_G1251_050425,923000,P19_G2325_050425,8,,,,Output,2025-05-14T19:18:50.827Z,DKIBOWEN,Pending,false,
P00_G1251_050425,924000,G2225,2,,,,Consumption,2025-05-14T19:18:50.827Z,DKIBOWEN,Pending,false,
P00_G1251_050425,925000,KG,2,,,,Consumption,2025-05-14T19:18:50.827Z,DKIBOWEN,Pending,false,
P00_G1251_050425,926000,H132012,2,,,,Consumption,2025-05-14T19:18:50.827Z,DKIBOWEN,Pending,false,
P00_G1251_050425,927000,MTR,2,,,,Consumption,2025-05-14T19:18:50.827Z,DKIBOWEN,Pending,false,
P00_G1251_050425,928000,H221165,2,,,,Consumption,2025-05-14T19:18:50.827Z,DKIBOWEN,Pending,false,
P00_G1251_050425,929000,PC,2,,,,Consumption,2025-05-14T19:18:50.827Z,DKIBOWEN,Pending,false,
P00_G1251_050425,930000,G2325,2,,,,Output,2025-05-14T19:18:50.827Z,DKIBOWEN,Pending,false,
P00_G1251_050425,931000,KG,2,,,,Output,2025-05-14T19:18:50.827Z,DKIBOWEN,Pending,false,
P00_G1251_050425,932000,P19_G2345_050425,16,,,,Output,2025-05-14T19:18:50.827Z,DKIBOWEN,Pending,false,
P00_G1251_050425,933000,G2211,4,,,,Consumption,2025-05-14T19:18:50.827Z,DKIBOWEN,Pending,false,
P00_G1251_050425,934000,KG,4,,,,Consumption,2025-05-14T19:18:50.827Z,DKIBOWEN,Pending,false,
P00_G1251_050425,935000,H132003,4,,,,Consumption,2025-05-14T19:18:50.827Z,DKIBOWEN,Pending,false,
P00_G1251_050425,936000,MTR,4,,,,Consumption,2025-05-14T19:18:50.827Z,DKIBOWEN,Pending,false,
P00_G1251_050425,937000,H221165,4,,,,Consumption,2025-05-14T19:18:50.827Z,DKIBOWEN,Pending,false,
P00_G1251_050425,938000,PC,4,,,,Consumption,2025-05-14T19:18:50.827Z,DKIBOWEN,Pending,false,
P00_G1251_050425,939000,G2345,4,,,,Output,2025-05-14T19:18:50.827Z,DKIBOWEN,Pending,false,
P00_G1251_050425,940000,KG,4,,,,Output,2025-05-14T19:18:50.827Z,DKIBOWEN,Pending,false,
P00_G1251_050425,941000,P19_G2353_050425,27,,,,Output,2025-05-14T19:18:50.827Z,DKIBOWEN,Pending,false,
P00_G1251_050425,942000,G2285,9,,,,Consumption,2025-05-14T19:18:50.827Z,DKIBOWEN,Pending,false,
P00_G1251_050425,943000,KG,9,,,,Consumption,2025-05-14T19:18:50.827Z,DKIBOWEN,Pending,false,
P00_G1251_050425,944000,H124006,9,,,,Consumption,2025-05-14T19:18:50.827Z,DKIBOWEN,Pending,false,
P00_G1251_050425,945000,PC,9,,,,Consumption,2025-05-14T19:18:50.827Z,DKIBOWEN,Pending,false,
P00_G1251_050425,946000,G2353,9,,,,Output,2025-05-14T19:18:50.827Z,DKIBOWEN,Pending,false,
P00_G1251_050425,947000,KG,9,,,,Output,2025-05-14T19:18:50.827Z,DKIBOWEN,Pending,false,
P00_G1251_050425,948000,P19_G2359_050425,16,,,,Output,2025-05-14T19:18:50.827Z,DKIBOWEN,Pending,false,
P00_G1251_050425,949000,G2250,4,,,,Consumption,2025-05-14T19:18:50.827Z,DKIBOWEN,Pending,false,
P00_G1251_050425,950000,KG,4,,,,Consumption,2025-05-14T19:18:50.827Z,DKIBOWEN,Pending,false,
P00_G1251_050425,951000,H132009,4,,,,Consumption,2025-05-14T19:18:50.827Z,DKIBOWEN,Pending,false,
P00_G1251_050425,952000,MTR,4,,,,Consumption,2025-05-14T19:18:50.827Z,DKIBOWEN,Pending,false,
P00_G1251_050425,953000,H221165,4,,,,Consumption,2025-05-14T19:18:50.827Z,DKIBOWEN,Pending,false,
P00_G1251_050425,954000,PC,4,,,,Consumption,2025-05-14T19:18:50.827Z,DKIBOWEN,Pending,false,
P00_G1251_050425,955000,G2359,4,,,,Output,2025-05-14T19:18:50.827Z,DKIBOWEN,Pending,false,
P00_G1251_050425,956000,KG,4,,,,Output,2025-05-14T19:18:50.827Z,DKIBOWEN,Pending,false,
P00_G1251_050425,957000,P19_G2377_050425,104,,,,Output,2025-05-14T19:18:50.827Z,DKIBOWEN,Pending,false,
P00_G1251_050425,958000,G2208,26,,,,Consumption,2025-05-14T19:18:50.827Z,DKIBOWEN,Pending,false,
P00_G1251_050425,959000,KG,26,,,,Consumption,2025-05-14T19:18:50.827Z,DKIBOWEN,Pending,false,
P00_G1251_050425,960000,H132008,26,,,,Consumption,2025-05-14T19:18:50.827Z,DKIBOWEN,Pending,false,
P00_G1251_050425,961000,MTR,26,,,,Consumption,2025-05-14T19:18:50.827Z,DKIBOWEN,Pending,false,
P00_G1251_050425,962000,H221165,26,,,,Consumption,2025-05-14T19:18:50.827Z,DKIBOWEN,Pending,false,
P00_G1251_050425,963000,PC,26,,,,Consumption,2025-05-14T19:18:50.827Z,DKIBOWEN,Pending,false,
P00_G1251_050425,964000,G2377,26,,,,Output,2025-05-14T19:18:50.827Z,DKIBOWEN,Pending,false,
P00_G1251_050425,965000,KG,26,,,,Output,2025-05-14T19:18:50.827Z,DKIBOWEN,Pending,false,
P00_G1251_050425,966000,P19_G2378_050425,40,,,,Output,2025-05-14T19:18:50.827Z,DKIBOWEN,Pending,false,
P00_G1251_050425,967000,G2212,10,,,,Consumption,2025-05-14T19:18:50.827Z,DKIBOWEN,Pending,false,
P00_G1251_050425,968000,KG,10,,,,Consumption,2025-05-14T19:18:50.827Z,DKIBOWEN,Pending,false,
P00_G1251_050425,969000,H132012,10,,,,Consumption,2025-05-14T19:18:50.827Z,DKIBOWEN,Pending,false,
P00_G1251_050425,970000,MTR,10,,,,Consumption,2025-05-14T19:18:50.827Z,DKIBOWEN,Pending,false,
P00_G1251_050425,971000,H221165,10,,,,Consumption,2025-05-14T19:18:50.827Z,DKIBOWEN,Pending,false,
P00_G1251_050425,972000,PC,10,,,,Consumption,2025-05-14T19:18:50.827Z,DKIBOWEN,Pending,false,
P00_G1251_050425,973000,G2378,10,,,,Output,2025-05-14T19:18:50.827Z,DKIBOWEN,Pending,false,
P00_G1251_050425,974000,KG,10,,,,Output,2025-05-14T19:18:50.827Z,DKIBOWEN,Pending,false,
P00_G1251_050425,975000,P19_G2383_050425,48,,,,Output,2025-05-14T19:18:50.827Z,DKIBOWEN,Pending,false,
P00_G1251_050425,976000,G2212,12,,,,Consumption,2025-05-14T19:18:50.827Z,DKIBOWEN,Pending,false,
P00_G1251_050425,977000,KG,12,,,,Consumption,2025-05-14T19:18:50.827Z,DKIBOWEN,Pending,false,
P00_G1251_050425,978000,H132008,12,,,,Consumption,2025-05-14T19:18:50.827Z,DKIBOWEN,Pending,false,
P00_G1251_050425,979000,MTR,12,,,,Consumption,2025-05-14T19:18:50.827Z,DKIBOWEN,Pending,false,
P00_G1251_050425,980000,H221165,12,,,,Consumption,2025-05-14T19:18:50.827Z,DKIBOWEN,Pending,false,
P00_G1251_050425,981000,PC,12,,,,Consumption,2025-05-14T19:18:50.827Z,DKIBOWEN,Pending,false,
P00_G1251_050425,982000,G2383,12,,,,Output,2025-05-14T19:18:50.827Z,DKIBOWEN,Pending,false,
P00_G1251_050425,983000,KG,12,,,,Output,2025-05-14T19:18:50.827Z,DKIBOWEN,Pending,false,
P00_G1251_050425,984000,P19_G2389B_050425,8,,,,Output,2025-05-14T19:18:50.827Z,DKIBOWEN,Pending,false,
P00_G1251_050425,985000,G2206,2,,,,Consumption,2025-05-14T19:18:50.827Z,DKIBOWEN,Pending,false,
P00_G1251_050425,986000,KG,2,,,,Consumption,2025-05-14T19:18:50.827Z,DKIBOWEN,Pending,false,
P00_G1251_050425,987000,H132008,2,,,,Consumption,2025-05-14T19:18:50.827Z,DKIBOWEN,Pending,false,
P00_G1251_050425,988000,MTR,2,,,,Consumption,2025-05-14T19:18:50.827Z,DKIBOWEN,Pending,false,
P00_G1251_050425,989000,H221165,2,,,,Consumption,2025-05-14T19:18:50.827Z,DKIBOWEN,Pending,false,
P00_G1251_050425,990000,PC,2,,,,Consumption,2025-05-14T19:18:50.827Z,DKIBOWEN,Pending,false,
P00_G1251_050425,991000,G2389B,2,,,,Output,2025-05-14T19:18:50.827Z,DKIBOWEN,Pending,false,
P00_G1251_050425,992000,KG,2,,,,Output,2025-05-14T19:18:50.827Z,DKIBOWEN,Pending,false,
P00_G1251_050425,993000,P19_G2407_050425,63,,,,Output,2025-05-14T19:18:50.827Z,DKIBOWEN,Pending,false,
P00_G1251_050425,994000,G2210,21,,,,Consumption,2025-05-14T19:18:50.827Z,DKIBOWEN,Pending,false,
P00_G1251_050425,995000,KG,21,,,,Consumption,2025-05-14T19:18:50.827Z,DKIBOWEN,Pending,false,
P00_G1251_050425,996000,H132008,21,,,,Consumption,2025-05-14T19:18:50.827Z,DKIBOWEN,Pending,false,
P00_G1251_050425,997000,MTR,21,,,,Consumption,2025-05-14T19:18:50.827Z,DKIBOWEN,Pending,false,
P00_G1251_050425,998000,G2407,21,,,,Output,2025-05-14T19:18:50.827Z,DKIBOWEN,Pending,false,
P00_G1251_050425,999000,KG,21,,,,Output,2025-05-14T19:18:50.827Z,DKIBOWEN,Pending,false,
P00_G1251_050425,1000000,P19_G2411_050425,9,,,,Output,2025-05-14T19:18:50.827Z,DKIBOWEN,Pending,false,
P00_G1251_050425,1001000,G22701,3,,,,Consumption,2025-05-14T19:18:50.827Z,DKIBOWEN,Pending,false,
P00_G1251_050425,1002000,KG,3,,,,Consumption,2025-05-14T19:18:50.827Z,DKIBOWEN,Pending,false,
P00_G1251_050425,1003000,H124005,3,,,,Consumption,2025-05-14T19:18:50.827Z,DKIBOWEN,Pending,false,
P00_G1251_050425,1004000,PC,3,,,,Consumption,2025-05-14T19:18:50.827Z,DKIBOWEN,Pending,false,
P00_G1251_050425,1005000,G2411,3,,,,Output,2025-05-14T19:18:50.827Z,DKIBOWEN,Pending,false,
P00_G1251_050425,1006000,KG,3,,,,Output,2025-05-14T19:18:50.827Z,DKIBOWEN,Pending,false,
P00_G1251_050425,1007000,P19_G2429_050425,24,,,,Output,2025-05-14T19:18:50.827Z,DKIBOWEN,Pending,false,
P00_G1251_050425,1008000,G2225,6,,,,Consumption,2025-05-14T19:18:50.827Z,DKIBOWEN,Pending,false,
P00_G1251_050425,1009000,KG,6,,,,Consumption,2025-05-14T19:18:50.827Z,DKIBOWEN,Pending,false,
P00_G1251_050425,1010000,H132008,6,,,,Consumption,2025-05-14T19:18:50.827Z,DKIBOWEN,Pending,false,
P00_G1251_050425,1011000,MTR,6,,,,Consumption,2025-05-14T19:18:50.827Z,DKIBOWEN,Pending,false,
P00_G1251_050425,1012000,H221165,6,,,,Consumption,2025-05-14T19:18:50.827Z,DKIBOWEN,Pending,false,
P00_G1251_050425,1013000,PC,6,,,,Consumption,2025-05-14T19:18:50.827Z,DKIBOWEN,Pending,false,
P00_G1251_050425,1014000,G2429,6,,,,Output,2025-05-14T19:18:50.827Z,DKIBOWEN,Pending,false,
P00_G1251_050425,1015000,KG,6,,,,Output,2025-05-14T19:18:50.827Z,DKIBOWEN,Pending,false,
P00_G1251_050425,1016000,P19_G2430_050425,4,,,,Output,2025-05-14T19:18:50.827Z,DKIBOWEN,Pending,false,
P00_G1251_050425,1017000,G2289,1,,,,Consumption,2025-05-14T19:18:50.827Z,DKIBOWEN,Pending,false,
P00_G1251_050425,1018000,KG,1,,,,Consumption,2025-05-14T19:18:50.827Z,DKIBOWEN,Pending,false,
P00_G1251_050425,1019000,H132008,1,,,,Consumption,2025-05-14T19:18:50.827Z,DKIBOWEN,Pending,false,
P00_G1251_050425,1020000,MTR,1,,,,Consumption,2025-05-14T19:18:50.827Z,DKIBOWEN,Pending,false,
P00_G1251_050425,1021000,H221165,1,,,,Consumption,2025-05-14T19:18:50.827Z,DKIBOWEN,Pending,false,
P00_G1251_050425,1022000,PC,1,,,,Consumption,2025-05-14T19:18:50.827Z,DKIBOWEN,Pending,false,
P00_G1251_050425,1023000,G2430,1,,,,Output,2025-05-14T19:18:50.827Z,DKIBOWEN,Pending,false,
P00_G1251_050425,1024000,KG,1,,,,Output,2025-05-14T19:18:50.827Z,DKIBOWEN,Pending,false,
P00_G1251_050425,1025000,P19_G2432_050425,10,,,,Output,2025-05-14T19:18:50.827Z,DKIBOWEN,Pending,false,
P00_G1251_050425,1026000,G2287,5,,,,Consumption,2025-05-14T19:18:50.827Z,DKIBOWEN,Pending,false,
P00_G1251_050425,1027000,KG,5,,,,Consumption,2025-05-14T19:18:50.827Z,DKIBOWEN,Pending,false,
P00_G1251_050425,1028000,G2432,5,,,,Output,2025-05-14T19:18:50.827Z,DKIBOWEN,Pending,false,
P00_G1251_050425,1029000,KG,5,,,,Output,2025-05-14T19:18:50.827Z,DKIBOWEN,Pending,false,
P00_G1251_050425,1030000,P20_J31010101_050425,9,,,,Output,2025-05-14T19:18:50.827Z,DKIBOWEN,Pending,false,
P00_G1251_050425,1031000,G2345,3,,,,Consumption,2025-05-14T19:18:50.827Z,DKIBOWEN,Pending,false,
P00_G1251_050425,1032000,KG,3,,,,Consumption,2025-05-14T19:18:50.827Z,DKIBOWEN,Pending,false,
P00_G1251_050425,1033000,H223035,3,,,,Consumption,2025-05-14T19:18:50.827Z,DKIBOWEN,Pending,false,
P00_G1251_050425,1034000,KG,3,,,,Consumption,2025-05-14T19:18:50.827Z,DKIBOWEN,Pending,false,
P00_G1251_050425,1035000,J31010101,3,,,,Output,2025-05-14T19:18:50.827Z,DKIBOWEN,Pending,false,
P00_G1251_050425,1036000,KG,3,,,,Output,2025-05-14T19:18:50.827Z,DKIBOWEN,Pending,false,
P00_G1251_050425,1037000,P20_J31010102_050425,4,,,,Output,2025-05-14T19:18:50.827Z,DKIBOWEN,Pending,false,
P00_G1251_050425,1038000,G2345,1,,,,Consumption,2025-05-14T19:18:50.827Z,DKIBOWEN,Pending,false,
P00_G1251_050425,1039000,KG,1,,,,Consumption,2025-05-14T19:18:50.827Z,DKIBOWEN,Pending,false,
P00_G1251_050425,1040000,H223014,1,,,,Consumption,2025-05-14T19:18:50.827Z,DKIBOWEN,Pending,false,
P00_G1251_050425,1041000,KG,1,,,,Consumption,2025-05-14T19:18:50.827Z,DKIBOWEN,Pending,false,
P00_G1251_050425,1042000,H224166,1,,,,Consumption,2025-05-14T19:18:50.827Z,DKIBOWEN,Pending,false,
P00_G1251_050425,1043000,PC,1,,,,Consumption,2025-05-14T19:18:50.827Z,DKIBOWEN,Pending,false,
P00_G1251_050425,1044000,J31010102,1,,,,Output,2025-05-14T19:18:50.827Z,DKIBOWEN,Pending,false,
P00_G1251_050425,1045000,KG,1,,,,Output,2025-05-14T19:18:50.827Z,DKIBOWEN,Pending,false,
P00_G1251_050425,1046000,P20_J31010201_050425,4,,,,Output,2025-05-14T19:18:50.827Z,DKIBOWEN,Pending,false,
P00_G1251_050425,1047000,G2321,1,,,,Consumption,2025-05-14T19:18:50.827Z,DKIBOWEN,Pending,false,
P00_G1251_050425,1048000,KG,1,,,,Consumption,2025-05-14T19:18:50.827Z,DKIBOWEN,Pending,false,
P00_G1251_050425,1049000,H223048,1,,,,Consumption,2025-05-14T19:18:50.827Z,DKIBOWEN,Pending,false,
P00_G1251_050425,1050000,KG,1,,,,Consumption,2025-05-14T19:18:50.827Z,DKIBOWEN,Pending,false,
P00_G1251_050425,1051000,H224197,1,,,,Consumption,2025-05-14T19:18:50.827Z,DKIBOWEN,Pending,false,
P00_G1251_050425,1052000,PC,1,,,,Consumption,2025-05-14T19:18:50.827Z,DKIBOWEN,Pending,false,
P00_G1251_050425,1053000,J31010201,1,,,,Output,2025-05-14T19:18:50.827Z,DKIBOWEN,Pending,false,
P00_G1251_050425,1054000,KG,1,,,,Output,2025-05-14T19:18:50.827Z,DKIBOWEN,Pending,false,
P00_G1251_050425,1055000,P20_J31010302_050425,20,,,,Output,2025-05-14T19:18:50.827Z,DKIBOWEN,Pending,false,
P00_G1251_050425,1056000,G2311,5,,,,Consumption,2025-05-14T19:18:50.827Z,DKIBOWEN,Pending,false,
P00_G1251_050425,1057000,KG,5,,,,Consumption,2025-05-14T19:18:50.827Z,DKIBOWEN,Pending,false,
P00_G1251_050425,1058000,H223014,5,,,,Consumption,2025-05-14T19:18:50.827Z,DKIBOWEN,Pending,false,
P00_G1251_050425,1059000,KG,5,,,,Consumption,2025-05-14T19:18:50.827Z,DKIBOWEN,Pending,false,
P00_G1251_050425,1060000,H224118,5,,,,Consumption,2025-05-14T19:18:50.827Z,DKIBOWEN,Pending,false,
P00_G1251_050425,1061000,PC,5,,,,Consumption,2025-05-14T19:18:50.827Z,DKIBOWEN,Pending,false,
P00_G1251_050425,1062000,J31010302,5,,,,Output,2025-05-14T19:18:50.827Z,DKIBOWEN,Pending,false,
P00_G1251_050425,1063000,KG,5,,,,Output,2025-05-14T19:18:50.827Z,DKIBOWEN,Pending,false,
P00_G1251_050425,1064000,P20_J31010401_050425,4,,,,Output,2025-05-14T19:18:50.827Z,DKIBOWEN,Pending,false,
P00_G1251_050425,1065000,G2325,1,,,,Consumption,2025-05-14T19:18:50.827Z,DKIBOWEN,Pending,false,
P00_G1251_050425,1066000,KG,1,,,,Consumption,2025-05-14T19:18:50.827Z,DKIBOWEN,Pending,false,
P00_G1251_050425,1067000,H223048,1,,,,Consumption,2025-05-14T19:18:50.827Z,DKIBOWEN,Pending,false,
P00_G1251_050425,1068000,KG,1,,,,Consumption,2025-05-14T19:18:50.827Z,DKIBOWEN,Pending,false,
P00_G1251_050425,1069000,H224703,1,,,,Consumption,2025-05-14T19:18:50.827Z,DKIBOWEN,Pending,false,
P00_G1251_050425,1070000,PC,1,,,,Consumption,2025-05-14T19:18:50.827Z,DKIBOWEN,Pending,false,
P00_G1251_050425,1071000,J31010401,1,,,,Output,2025-05-14T19:18:50.827Z,DKIBOWEN,Pending,false,
P00_G1251_050425,1072000,KG,1,,,,Output,2025-05-14T19:18:50.827Z,DKIBOWEN,Pending,false,
P00_G1251_050425,1073000,P20_J31010420_050425,6,,,,Output,2025-05-14T19:18:50.827Z,DKIBOWEN,Pending,false,
P00_G1251_050425,1074000,G2429,2,,,,Consumption,2025-05-14T19:18:50.827Z,DKIBOWEN,Pending,false,
P00_G1251_050425,1075000,KG,2,,,,Consumption,2025-05-14T19:18:50.827Z,DKIBOWEN,Pending,false,
P00_G1251_050425,1076000,H223052,2,,,,Consumption,2025-05-14T19:18:50.827Z,DKIBOWEN,Pending,false,
P00_G1251_050425,1077000,KG,2,,,,Consumption,2025-05-14T19:18:50.827Z,DKIBOWEN,Pending,false,
P00_G1251_050425,1078000,J31010420,2,,,,Output,2025-05-14T19:18:50.827Z,DKIBOWEN,Pending,false,
P00_G1251_050425,1079000,KG,2,,,,Output,2025-05-14T19:18:50.827Z,DKIBOWEN,Pending,false,
P00_G1251_050425,1080000,P20_J31010502_050425,48,,,,Output,2025-05-14T19:18:50.827Z,DKIBOWEN,Pending,false,
P00_G1251_050425,1081000,G2313,16,,,,Consumption,2025-05-14T19:18:50.827Z,DKIBOWEN,Pending,false,
P00_G1251_050425,1082000,KG,16,,,,Consumption,2025-05-14T19:18:50.827Z,DKIBOWEN,Pending,false,
P00_G1251_050425,1083000,H223027,16,,,,Consumption,2025-05-14T19:18:50.827Z,DKIBOWEN,Pending,false,
P00_G1251_050425,1084000,KG,16,,,,Consumption,2025-05-14T19:18:50.827Z,DKIBOWEN,Pending,false,
P00_G1251_050425,1085000,J31010502,16,,,,Output,2025-05-14T19:18:50.827Z,DKIBOWEN,Pending,false,
P00_G1251_050425,1086000,KG,16,,,,Output,2025-05-14T19:18:50.827Z,DKIBOWEN,Pending,false,
P00_G1251_050425,1087000,P20_J31010504_050425,4,,,,Output,2025-05-14T19:18:50.827Z,DKIBOWEN,Pending,false,
P00_G1251_050425,1088000,G2206,1,,,,Consumption,2025-05-14T19:18:50.827Z,DKIBOWEN,Pending,false,
P00_G1251_050425,1089000,KG,1,,,,Consumption,2025-05-14T19:18:50.827Z,DKIBOWEN,Pending,false,
P00_G1251_050425,1090000,H221003,1,,,,Consumption,2025-05-14T19:18:50.827Z,DKIBOWEN,Pending,false,
P00_G1251_050425,1091000,PC,1,,,,Consumption,2025-05-14T19:18:50.827Z,DKIBOWEN,Pending,false,
P00_G1251_050425,1092000,H224178,1,,,,Consumption,2025-05-14T19:18:50.827Z,DKIBOWEN,Pending,false,
P00_G1251_050425,1093000,PC,1,,,,Consumption,2025-05-14T19:18:50.827Z,DKIBOWEN,Pending,false,
P00_G1251_050425,1094000,J31010504,1,,,,Output,2025-05-14T19:18:50.827Z,DKIBOWEN,Pending,false,
P00_G1251_050425,1095000,KG,1,,,,Output,2025-05-14T19:18:50.827Z,DKIBOWEN,Pending,false,
P00_G1251_050425,1096000,P20_J31010520_050425,33,,,,Output,2025-05-14T19:18:50.827Z,DKIBOWEN,Pending,false,
P00_G1251_050425,1097000,G2311,11,,,,Consumption,2025-05-14T19:18:50.827Z,DKIBOWEN,Pending,false,
P00_G1251_050425,1098000,KG,11,,,,Consumption,2025-05-14T19:18:50.827Z,DKIBOWEN,Pending,false,
P00_G1251_050425,1099000,H223018,11,,,,Consumption,2025-05-14T19:18:50.827Z,DKIBOWEN,Pending,false,
P00_G1251_050425,1100000,KG,11,,,,Consumption,2025-05-14T19:18:50.827Z,DKIBOWEN,Pending,false,
P00_G1251_050425,1101000,J31010520,11,,,,Output,2025-05-14T19:18:50.827Z,DKIBOWEN,Pending,false,
P00_G1251_050425,1102000,KG,11,,,,Output,2025-05-14T19:18:50.827Z,DKIBOWEN,Pending,false,
P00_G1251_050425,1103000,P20_J31010901_050425,12,,,,Output,2025-05-14T19:18:50.827Z,DKIBOWEN,Pending,false,
P00_G1251_050425,1104000,G2359,4,,,,Consumption,2025-05-14T19:18:50.827Z,DKIBOWEN,Pending,false,
P00_G1251_050425,1105000,KG,4,,,,Consumption,2025-05-14T19:18:50.827Z,DKIBOWEN,Pending,false,
P00_G1251_050425,1106000,H223037,4,,,,Consumption,2025-05-14T19:18:50.827Z,DKIBOWEN,Pending,false,
P00_G1251_050425,1107000,KG,4,,,,Consumption,2025-05-14T19:18:50.827Z,DKIBOWEN,Pending,false,
P00_G1251_050425,1108000,J31010901,4,,,,Output,2025-05-14T19:18:50.827Z,DKIBOWEN,Pending,false,
P00_G1251_050425,1109000,KG,4,,,,Output,2025-05-14T19:18:50.827Z,DKIBOWEN,Pending,false,
P00_G1251_050425,1110000,P20_J31011302_050425,24,,,,Output,2025-05-14T19:18:50.827Z,DKIBOWEN,Pending,false,
P00_G1251_050425,1111000,G2311,6,,,,Consumption,2025-05-14T19:18:50.827Z,DKIBOWEN,Pending,false,
P00_G1251_050425,1112000,KG,6,,,,Consumption,2025-05-14T19:18:50.827Z,DKIBOWEN,Pending,false,
P00_G1251_050425,1113000,H223014,6,,,,Consumption,2025-05-14T19:18:50.827Z,DKIBOWEN,Pending,false,
P00_G1251_050425,1114000,KG,6,,,,Consumption,2025-05-14T19:18:50.827Z,DKIBOWEN,Pending,false,
P00_G1251_050425,1115000,H224164,6,,,,Consumption,2025-05-14T19:18:50.827Z,DKIBOWEN,Pending,false,
P00_G1251_050425,1116000,PC,6,,,,Consumption,2025-05-14T19:18:50.827Z,DKIBOWEN,Pending,false,
P00_G1251_050425,1117000,J31011302,6,,,,Output,2025-05-14T19:18:50.827Z,DKIBOWEN,Pending,false,
P00_G1251_050425,1118000,KG,6,,,,Output,2025-05-14T19:18:50.827Z,DKIBOWEN,Pending,false,
P00_G1251_050425,1119000,P20_J31015101_050425,6,,,,Output,2025-05-14T19:18:50.827Z,DKIBOWEN,Pending,false,
P00_G1251_050425,1120000,G2309,2,,,,Consumption,2025-05-14T19:18:50.827Z,DKIBOWEN,Pending,false,
P00_G1251_050425,1121000,KG,2,,,,Consumption,2025-05-14T19:18:50.827Z,DKIBOWEN,Pending,false,
P00_G1251_050425,1122000,H223036,2,,,,Consumption,2025-05-14T19:18:50.827Z,DKIBOWEN,Pending,false,
P00_G1251_050425,1123000,KG,2,,,,Consumption,2025-05-14T19:18:50.827Z,DKIBOWEN,Pending,false,
P00_G1251_050425,1124000,J31015101,2,,,,Output,2025-05-14T19:18:50.827Z,DKIBOWEN,Pending,false,
P00_G1251_050425,1125000,KG,2,,,,Output,2025-05-14T19:18:50.827Z,DKIBOWEN,Pending,false,
P00_G1251_050425,1126000,P20_J31015102_050425,8,,,,Output,2025-05-14T19:18:50.827Z,DKIBOWEN,Pending,false,
P00_G1251_050425,1127000,G2309,2,,,,Consumption,2025-05-14T19:18:50.827Z,DKIBOWEN,Pending,false,
P00_G1251_050425,1128000,KG,2,,,,Consumption,2025-05-14T19:18:50.827Z,DKIBOWEN,Pending,false,
P00_G1251_050425,1129000,H223014,2,,,,Consumption,2025-05-14T19:18:50.827Z,DKIBOWEN,Pending,false,
P00_G1251_050425,1130000,KG,2,,,,Consumption,2025-05-14T19:18:50.827Z,DKIBOWEN,Pending,false,
P00_G1251_050425,1131000,H224026,2,,,,Consumption,2025-05-14T19:18:50.827Z,DKIBOWEN,Pending,false,
P00_G1251_050425,1132000,PC,2,,,,Consumption,2025-05-14T19:18:50.827Z,DKIBOWEN,Pending,false,
P00_G1251_050425,1133000,J31015102,2,,,,Output,2025-05-14T19:18:50.827Z,DKIBOWEN,Pending,false,
P00_G1251_050425,1134000,KG,2,,,,Output,2025-05-14T19:18:50.827Z,DKIBOWEN,Pending,false,
P00_G1251_050425,1135000,P20_J31015202_050425,8,,,,Output,2025-05-14T19:18:50.827Z,DKIBOWEN,Pending,false,
P00_G1251_050425,1136000,G2308,2,,,,Consumption,2025-05-14T19:18:50.827Z,DKIBOWEN,Pending,false,
P00_G1251_050425,1137000,KG,2,,,,Consumption,2025-05-14T19:18:50.827Z,DKIBOWEN,Pending,false,
P00_G1251_050425,1138000,H223014,2,,,,Consumption,2025-05-14T19:18:50.827Z,DKIBOWEN,Pending,false,
P00_G1251_050425,1139000,KG,2,,,,Consumption,2025-05-14T19:18:50.827Z,DKIBOWEN,Pending,false,
P00_G1251_050425,1140000,H224116,2,,,,Consumption,2025-05-14T19:18:50.827Z,DKIBOWEN,Pending,false,
P00_G1251_050425,1141000,PC,2,,,,Consumption,2025-05-14T19:18:50.827Z,DKIBOWEN,Pending,false,
P00_G1251_050425,1142000,J31015202,2,,,,Output,2025-05-14T19:18:50.827Z,DKIBOWEN,Pending,false,
P00_G1251_050425,1143000,KG,2,,,,Output,2025-05-14T19:18:50.827Z,DKIBOWEN,Pending,false,
P00_G1251_050425,1144000,P20_J31015301_050425,4,,,,Output,2025-05-14T19:18:50.827Z,DKIBOWEN,Pending,false,
P00_G1251_050425,1145000,G2325,1,,,,Consumption,2025-05-14T19:18:50.827Z,DKIBOWEN,Pending,false,
P00_G1251_050425,1146000,KG,1,,,,Consumption,2025-05-14T19:18:50.827Z,DKIBOWEN,Pending,false,
P00_G1251_050425,1147000,H223048,1,,,,Consumption,2025-05-14T19:18:50.827Z,DKIBOWEN,Pending,false,
P00_G1251_050425,1148000,KG,1,,,,Consumption,2025-05-14T19:18:50.827Z,DKIBOWEN,Pending,false,
P00_G1251_050425,1149000,H224561,1,,,,Consumption,2025-05-14T19:18:50.827Z,DKIBOWEN,Pending,false,
P00_G1251_050425,1150000,PC,1,,,,Consumption,2025-05-14T19:18:50.827Z,DKIBOWEN,Pending,false,
P00_G1251_050425,1151000,J31015301,1,,,,Output,2025-05-14T19:18:50.827Z,DKIBOWEN,Pending,false,
P00_G1251_050425,1152000,KG,1,,,,Output,2025-05-14T19:18:50.827Z,DKIBOWEN,Pending,false,
P00_G1251_050425,1153000,P20_J31015310_050425,12,,,,Output,2025-05-14T19:18:50.827Z,DKIBOWEN,Pending,false,
P00_G1251_050425,1154000,G2429,4,,,,Consumption,2025-05-14T19:18:50.827Z,DKIBOWEN,Pending,false,
P00_G1251_050425,1155000,KG,4,,,,Consumption,2025-05-14T19:18:50.827Z,DKIBOWEN,Pending,false,
P00_G1251_050425,1156000,H223050,4,,,,Consumption,2025-05-14T19:18:50.827Z,DKIBOWEN,Pending,false,
P00_G1251_050425,1157000,KG,4,,,,Consumption,2025-05-14T19:18:50.827Z,DKIBOWEN,Pending,false,
P00_G1251_050425,1158000,J31015310,4,,,,Output,2025-05-14T19:18:50.827Z,DKIBOWEN,Pending,false,
P00_G1251_050425,1159000,KG,4,,,,Output,2025-05-14T19:18:50.827Z,DKIBOWEN,Pending,false,
P00_G1251_050425,1160000,P20_J31015401_050425,78,,,,Output,2025-05-14T19:18:50.827Z,DKIBOWEN,Pending,false,
P00_G1251_050425,1161000,G2377,26,,,,Consumption,2025-05-14T19:18:50.827Z,DKIBOWEN,Pending,false,
P00_G1251_050425,1162000,KG,26,,,,Consumption,2025-05-14T19:18:50.827Z,DKIBOWEN,Pending,false,
P00_G1251_050425,1163000,H223026,26,,,,Consumption,2025-05-14T19:18:50.827Z,DKIBOWEN,Pending,false,
P00_G1251_050425,1164000,KG,26,,,,Consumption,2025-05-14T19:18:50.827Z,DKIBOWEN,Pending,false,
P00_G1251_050425,1165000,J31015401,26,,,,Output,2025-05-14T19:18:50.827Z,DKIBOWEN,Pending,false,
P00_G1251_050425,1166000,KG,26,,,,Output,2025-05-14T19:18:50.827Z,DKIBOWEN,Pending,false,
P00_G1251_050425,1167000,P20_J31015404_050425,4,,,,Output,2025-05-14T19:18:50.827Z,DKIBOWEN,Pending,false,
P00_G1251_050425,1168000,G2206,1,,,,Consumption,2025-05-14T19:18:50.827Z,DKIBOWEN,Pending,false,
P00_G1251_050425,1169000,KG,1,,,,Consumption,2025-05-14T19:18:50.827Z,DKIBOWEN,Pending,false,
P00_G1251_050425,1170000,H221003,1,,,,Consumption,2025-05-14T19:18:50.827Z,DKIBOWEN,Pending,false,
P00_G1251_050425,1171000,PC,1,,,,Consumption,2025-05-14T19:18:50.827Z,DKIBOWEN,Pending,false,
P00_G1251_050425,1172000,H224032,1,,,,Consumption,2025-05-14T19:18:50.827Z,DKIBOWEN,Pending,false,
P00_G1251_050425,1173000,PC,1,,,,Consumption,2025-05-14T19:18:50.827Z,DKIBOWEN,Pending,false,
P00_G1251_050425,1174000,J31015404,1,,,,Output,2025-05-14T19:18:50.827Z,DKIBOWEN,Pending,false,
P00_G1251_050425,1175000,KG,1,,,,Output,2025-05-14T19:18:50.827Z,DKIBOWEN,Pending,false,
P00_G1251_050425,1176000,P20_J31015501_050425,159,,,,Output,2025-05-14T19:18:50.827Z,DKIBOWEN,Pending,false,
P00_G1251_050425,1177000,G2306,51,,,,Consumption,2025-05-14T19:18:50.827Z,DKIBOWEN,Pending,false,
P00_G1251_050425,1178000,KG,51,,,,Consumption,2025-05-14T19:18:50.827Z,DKIBOWEN,Pending,false,
P00_G1251_050425,1179000,H223016,51,,,,Consumption,2025-05-14T19:18:50.827Z,DKIBOWEN,Pending,false,
P00_G1251_050425,1180000,KG,51,,,,Consumption,2025-05-14T19:18:50.827Z,DKIBOWEN,Pending,false,
P00_G1251_050425,1181000,H224715,6,,,,Consumption,2025-05-14T19:18:50.827Z,DKIBOWEN,Pending,false,
P00_G1251_050425,1182000,PC,6,,,,Consumption,2025-05-14T19:18:50.827Z,DKIBOWEN,Pending,false,
P00_G1251_050425,1183000,J31015501,51,,,,Output,2025-05-14T19:18:50.827Z,DKIBOWEN,Pending,false,
P00_G1251_050425,1184000,KG,51,,,,Output,2025-05-14T19:18:50.827Z,DKIBOWEN,Pending,false,
P00_G1251_050425,1185000,P20_J31015601_050425,75,,,,Output,2025-05-14T19:18:50.827Z,DKIBOWEN,Pending,false,
P00_G1251_050425,1186000,G2322,25,,,,Consumption,2025-05-14T19:18:50.827Z,DKIBOWEN,Pending,false,
P00_G1251_050425,1187000,KG,25,,,,Consumption,2025-05-14T19:18:50.827Z,DKIBOWEN,Pending,false,
P00_G1251_050425,1188000,H223017,25,,,,Consumption,2025-05-14T19:18:50.827Z,DKIBOWEN,Pending,false,
P00_G1251_050425,1189000,KG,25,,,,Consumption,2025-05-14T19:18:50.827Z,DKIBOWEN,Pending,false,
P00_G1251_050425,1190000,J31015601,25,,,,Output,2025-05-14T19:18:50.827Z,DKIBOWEN,Pending,false,
P00_G1251_050425,1191000,KG,25,,,,Output,2025-05-14T19:18:50.827Z,DKIBOWEN,Pending,false,
P00_G1251_050425,1192000,P20_J31015604_050425,12,,,,Output,2025-05-14T19:18:50.827Z,DKIBOWEN,Pending,false,
P00_G1251_050425,1193000,G2322,3,,,,Consumption,2025-05-14T19:18:50.827Z,DKIBOWEN,Pending,false,
P00_G1251_050425,1194000,KG,3,,,,Consumption,2025-05-14T19:18:50.827Z,DKIBOWEN,Pending,false,
P00_G1251_050425,1195000,H223048,3,,,,Consumption,2025-05-14T19:18:50.827Z,DKIBOWEN,Pending,false,
P00_G1251_050425,1196000,KG,3,,,,Consumption,2025-05-14T19:18:50.827Z,DKIBOWEN,Pending,false,
P00_G1251_050425,1197000,H224394,3,,,,Consumption,2025-05-14T19:18:50.827Z,DKIBOWEN,Pending,false,
P00_G1251_050425,1198000,PC,3,,,,Consumption,2025-05-14T19:18:50.827Z,DKIBOWEN,Pending,false,
P00_G1251_050425,1199000,J31015604,3,,,,Output,2025-05-14T19:18:50.827Z,DKIBOWEN,Pending,false,
P00_G1251_050425,1200000,KG,3,,,,Output,2025-05-14T19:18:50.827Z,DKIBOWEN,Pending,false,
P00_G1251_050425,1201000,P20_J31015702_050425,8,,,,Output,2025-05-14T19:18:50.827Z,DKIBOWEN,Pending,false,
P00_G1251_050425,1202000,G2389B,2,,,,Consumption,2025-05-14T19:18:50.827Z,DKIBOWEN,Pending,false,
P00_G1251_050425,1203000,KG,2,,,,Consumption,2025-05-14T19:18:50.827Z,DKIBOWEN,Pending,false,
P00_G1251_050425,1204000,H223016,2,,,,Consumption,2025-05-14T19:18:50.827Z,DKIBOWEN,Pending,false,
P00_G1251_050425,1205000,KG,2,,,,Consumption,2025-05-14T19:18:50.827Z,DKIBOWEN,Pending,false,
P00_G1251_050425,1206000,H224655,2,,,,Consumption,2025-05-14T19:18:50.827Z,DKIBOWEN,Pending,false,
P00_G1251_050425,1207000,PC,2,,,,Consumption,2025-05-14T19:18:50.827Z,DKIBOWEN,Pending,false,
P00_G1251_050425,1208000,J31015702,2,,,,Output,2025-05-14T19:18:50.827Z,DKIBOWEN,Pending,false,
P00_G1251_050425,1209000,KG,2,,,,Output,2025-05-14T19:18:50.827Z,DKIBOWEN,Pending,false,
P00_G1251_050425,1210000,P20_J31015811_050425,63,,,,Output,2025-05-14T19:18:50.827Z,DKIBOWEN,Pending,false,
P00_G1251_050425,1211000,G2407,21,,,,Consumption,2025-05-14T19:18:50.827Z,DKIBOWEN,Pending,false,
P00_G1251_050425,1212000,KG,21,,,,Consumption,2025-05-14T19:18:50.827Z,DKIBOWEN,Pending,false,
P00_G1251_050425,1213000,H223053,21,,,,Consumption,2025-05-14T19:18:50.827Z,DKIBOWEN,Pending,false,
P00_G1251_050425,1214000,KG,21,,,,Consumption,2025-05-14T19:18:50.827Z,DKIBOWEN,Pending,false,
P00_G1251_050425,1215000,J31015811,21,,,,Output,2025-05-14T19:18:50.827Z,DKIBOWEN,Pending,false,
P00_G1251_050425,1216000,KG,21,,,,Output,2025-05-14T19:18:50.827Z,DKIBOWEN,Pending,false,
P00_G1251_050425,1217000,P20_J31019101_050425,16,,,,Output,2025-05-14T19:18:50.827Z,DKIBOWEN,Pending,false,
P00_G1251_050425,1218000,G2378,4,,,,Consumption,2025-05-14T19:18:50.827Z,DKIBOWEN,Pending,false,
P00_G1251_050425,1219000,KG,4,,,,Consumption,2025-05-14T19:18:50.827Z,DKIBOWEN,Pending,false,
P00_G1251_050425,1220000,H223014,4,,,,Consumption,2025-05-14T19:18:50.827Z,DKIBOWEN,Pending,false,
P00_G1251_050425,1221000,KG,4,,,,Consumption,2025-05-14T19:18:50.827Z,DKIBOWEN,Pending,false,
P00_G1251_050425,1222000,H224612,4,,,,Consumption,2025-05-14T19:18:50.827Z,DKIBOWEN,Pending,false,
P00_G1251_050425,1223000,PC,4,,,,Consumption,2025-05-14T19:18:50.827Z,DKIBOWEN,Pending,false,
P00_G1251_050425,1224000,J31019101,4,,,,Output,2025-05-14T19:18:50.827Z,DKIBOWEN,Pending,false,
P00_G1251_050425,1225000,KG,4,,,,Output,2025-05-14T19:18:50.827Z,DKIBOWEN,Pending,false,
P00_G1251_050425,1226000,P20_J31019102_050425,12,,,,Output,2025-05-14T19:18:50.827Z,DKIBOWEN,Pending,false,
P00_G1251_050425,1227000,G2378,4,,,,Consumption,2025-05-14T19:18:50.827Z,DKIBOWEN,Pending,false,
P00_G1251_050425,1228000,KG,4,,,,Consumption,2025-05-14T19:18:50.827Z,DKIBOWEN,Pending,false,
P00_G1251_050425,1229000,H223045,4,,,,Consumption,2025-05-14T19:18:50.827Z,DKIBOWEN,Pending,false,
P00_G1251_050425,1230000,KG,4,,,,Consumption,2025-05-14T19:18:50.827Z,DKIBOWEN,Pending,false,
P00_G1251_050425,1231000,J31019102,4,,,,Output,2025-05-14T19:18:50.827Z,DKIBOWEN,Pending,false,
P00_G1251_050425,1232000,KG,4,,,,Output,2025-05-14T19:18:50.827Z,DKIBOWEN,Pending,false,
P00_G1251_050425,1233000,P20_J31019106_050425,36,,,,Output,2025-05-14T19:18:50.827Z,DKIBOWEN,Pending,false,
P00_G1251_050425,1234000,G2383,12,,,,Consumption,2025-05-14T19:18:50.827Z,DKIBOWEN,Pending,false,
P00_G1251_050425,1235000,KG,12,,,,Consumption,2025-05-14T19:18:50.827Z,DKIBOWEN,Pending,false,
P00_G1251_050425,1236000,H223028,12,,,,Consumption,2025-05-14T19:18:50.827Z,DKIBOWEN,Pending,false,
P00_G1251_050425,1237000,KG,12,,,,Consumption,2025-05-14T19:18:50.827Z,DKIBOWEN,Pending,false,
P00_G1251_050425,1238000,J31019106,12,,,,Output,2025-05-14T19:18:50.827Z,DKIBOWEN,Pending,false,
P00_G1251_050425,1239000,KG,12,,,,Output,2025-05-14T19:18:50.827Z,DKIBOWEN,Pending,false,
P00_G1251_050425,1240000,P20_J31019110_050425,3,,,,Output,2025-05-14T19:18:50.827Z,DKIBOWEN,Pending,false,
P00_G1251_050425,1241000,G2430,1,,,,Consumption,2025-05-14T19:18:50.827Z,DKIBOWEN,Pending,false,
P00_G1251_050425,1242000,KG,1,,,,Consumption,2025-05-14T19:18:50.827Z,DKIBOWEN,Pending,false,
P00_G1251_050425,1243000,H223051,1,,,,Consumption,2025-05-14T19:18:50.827Z,DKIBOWEN,Pending,false,
P00_G1251_050425,1244000,KG,1,,,,Consumption,2025-05-14T19:18:50.827Z,DKIBOWEN,Pending,false,
P00_G1251_050425,1245000,J31019110,1,,,,Output,2025-05-14T19:18:50.827Z,DKIBOWEN,Pending,false,
P00_G1251_050425,1246000,KG,1,,,,Output,2025-05-14T19:18:50.827Z,DKIBOWEN,Pending,false,
P00_G1251_050425,1247000,P20_J31019126_050425,8,,,,Output,2025-05-14T19:18:50.827Z,DKIBOWEN,Pending,false,
P00_G1251_050425,1248000,G2378,2,,,,Consumption,2025-05-14T19:18:50.827Z,DKIBOWEN,Pending,false,
P00_G1251_050425,1249000,KG,2,,,,Consumption,2025-05-14T19:18:50.827Z,DKIBOWEN,Pending,false,
P00_G1251_050425,1250000,H223014,2,,,,Consumption,2025-05-14T19:18:50.827Z,DKIBOWEN,Pending,false,
P00_G1251_050425,1251000,KG,2,,,,Consumption,2025-05-14T19:18:50.827Z,DKIBOWEN,Pending,false,
P00_G1251_050425,1252000,H224612,2,,,,Consumption,2025-05-14T19:18:50.827Z,DKIBOWEN,Pending,false,
P00_G1251_050425,1253000,PC,2,,,,Consumption,2025-05-14T19:18:50.827Z,DKIBOWEN,Pending,false,
P00_G1251_050425,1254000,J31019126,2,,,,Output,2025-05-14T19:18:50.827Z,DKIBOWEN,Pending,false,
P00_G1251_050425,1255000,KG,2,,,,Output,2025-05-14T19:18:50.827Z,DKIBOWEN,Pending,false,
P00_G1251_050425,1256000,P20_J31090146_050425,10,,,,Output,2025-05-14T19:18:50.827Z,DKIBOWEN,Pending,false,
P00_G1251_050425,1257000,G2252,2,,,,Consumption,2025-05-14T19:18:50.827Z,DKIBOWEN,Pending,false,
P00_G1251_050425,1258000,KG,2,,,,Consumption,2025-05-14T19:18:50.827Z,DKIBOWEN,Pending,false,
P00_G1251_050425,1259000,H223001,2,,,,Consumption,2025-05-14T19:18:50.827Z,DKIBOWEN,Pending,false,
P00_G1251_050425,1260000,ROLL,2,,,,Consumption,2025-05-14T19:18:50.827Z,DKIBOWEN,Pending,false,
P00_G1251_050425,1261000,H223009,2,,,,Consumption,2025-05-14T19:18:50.827Z,DKIBOWEN,Pending,false,
P00_G1251_050425,1262000,PC,2,,,,Consumption,2025-05-14T19:18:50.827Z,DKIBOWEN,Pending,false,
P00_G1251_050425,1263000,H224125,2,,,,Consumption,2025-05-14T19:18:50.827Z,DKIBOWEN,Pending,false,
P00_G1251_050425,1264000,PC,2,,,,Consumption,2025-05-14T19:18:50.827Z,DKIBOWEN,Pending,false,
P00_G1251_050425,1265000,J31090146,2,,,,Output,2025-05-14T19:18:50.827Z,DKIBOWEN,Pending,false,
P00_G1251_050425,1266000,KG,2,,,,Output,2025-05-14T19:18:50.827Z,DKIBOWEN,Pending,false,
P00_G1251_050425,1267000,P20_J31100116_050425,20,,,,Output,2025-05-14T19:18:50.827Z,DKIBOWEN,Pending,false,
P00_G1251_050425,1268000,G2279,5,,,,Consumption,2025-05-14T19:18:50.827Z,DKIBOWEN,Pending,false,
P00_G1251_050425,1269000,KG,5,,,,Consumption,2025-05-14T19:18:50.827Z,DKIBOWEN,Pending,false,
P00_G1251_050425,1270000,H124003,5,,,,Consumption,2025-05-14T19:18:50.827Z,DKIBOWEN,Pending,false,
P00_G1251_050425,1271000,PC,5,,,,Consumption,2025-05-14T19:18:50.827Z,DKIBOWEN,Pending,false,
P00_G1251_050425,1272000,H221057,5,,,,Consumption,2025-05-14T19:18:50.827Z,DKIBOWEN,Pending,false,
P00_G1251_050425,1273000,PC,5,,,,Consumption,2025-05-14T19:18:50.827Z,DKIBOWEN,Pending,false,
P00_G1251_050425,1274000,J31100116,5,,,,Output,2025-05-14T19:18:50.827Z,DKIBOWEN,Pending,false,
P00_G1251_050425,1275000,KG,5,,,,Output,2025-05-14T19:18:50.827Z,DKIBOWEN,Pending,false,
P00_G1251_050425,1276000,P20_J31100131_050425,12,,,,Output,2025-05-14T19:18:50.827Z,DKIBOWEN,Pending,false,
P00_G1251_050425,1277000,G2267,2,,,,Consumption,2025-05-14T19:18:50.827Z,DKIBOWEN,Pending,false,
P00_G1251_050425,1278000,KG,2,,,,Consumption,2025-05-14T19:18:50.827Z,DKIBOWEN,Pending,false,
P00_G1251_050425,1279000,H223001,2,,,,Consumption,2025-05-14T19:18:50.827Z,DKIBOWEN,Pending,false,
P00_G1251_050425,1280000,ROLL,2,,,,Consumption,2025-05-14T19:18:50.827Z,DKIBOWEN,Pending,false,
P00_G1251_050425,1281000,H223009,2,,,,Consumption,2025-05-14T19:18:50.827Z,DKIBOWEN,Pending,false,
P00_G1251_050425,1282000,PC,2,,,,Consumption,2025-05-14T19:18:50.827Z,DKIBOWEN,Pending,false,
P00_G1251_050425,1283000,H224123,2,,,,Consumption,2025-05-14T19:18:50.827Z,DKIBOWEN,Pending,false,
P00_G1251_050425,1284000,PC,2,,,,Consumption,2025-05-14T19:18:50.827Z,DKIBOWEN,Pending,false,
P00_G1251_050425,1285000,H224457,2,,,,Consumption,2025-05-14T19:18:50.827Z,DKIBOWEN,Pending,false,
P00_G1251_050425,1286000,PC,2,,,,Consumption,2025-05-14T19:18:50.827Z,DKIBOWEN,Pending,false,
P00_G1251_050425,1287000,J31100131,2,,,,Output,2025-05-14T19:18:50.827Z,DKIBOWEN,Pending,false,
P00_G1251_050425,1288000,KG,2,,,,Output,2025-05-14T19:18:50.827Z,DKIBOWEN,Pending,false,
P00_G1251_050425,1289000,P20_J31100146_050425,12,,,,Output,2025-05-14T19:18:50.827Z,DKIBOWEN,Pending,false,
P00_G1251_050425,1290000,G2353,3,,,,Consumption,2025-05-14T19:18:50.827Z,DKIBOWEN,Pending,false,
P00_G1251_050425,1291000,KG,3,,,,Consumption,2025-05-14T19:18:50.827Z,DKIBOWEN,Pending,false,
P00_G1251_050425,1292000,H124003,3,,,,Consumption,2025-05-14T19:18:50.827Z,DKIBOWEN,Pending,false,
P00_G1251_050425,1293000,PC,3,,,,Consumption,2025-05-14T19:18:50.827Z,DKIBOWEN,Pending,false,
P00_G1251_050425,1294000,H221063,3,,,,Consumption,2025-05-14T19:18:50.827Z,DKIBOWEN,Pending,false,
P00_G1251_050425,1295000,PC,3,,,,Consumption,2025-05-14T19:18:50.827Z,DKIBOWEN,Pending,false,
P00_G1251_050425,1296000,J31100146,3,,,,Output,2025-05-14T19:18:50.827Z,DKIBOWEN,Pending,false,
P00_G1251_050425,1297000,KG,3,,,,Output,2025-05-14T19:18:50.827Z,DKIBOWEN,Pending,false,
P00_G1251_050425,1298000,P20_J31100213_050425,30,,,,Output,2025-05-14T19:18:50.827Z,DKIBOWEN,Pending,false,
P00_G1251_050425,1299000,G2353,6,,,,Consumption,2025-05-14T19:18:50.827Z,DKIBOWEN,Pending,false,
P00_G1251_050425,1300000,KG,6,,,,Consumption,2025-05-14T19:18:50.827Z,DKIBOWEN,Pending,false,
P00_G1251_050425,1301000,H223001,6,,,,Consumption,2025-05-14T19:18:50.827Z,DKIBOWEN,Pending,false,
P00_G1251_050425,1302000,ROLL,6,,,,Consumption,2025-05-14T19:18:50.827Z,DKIBOWEN,Pending,false,
P00_G1251_050425,1303000,H223009,6,,,,Consumption,2025-05-14T19:18:50.827Z,DKIBOWEN,Pending,false,
P00_G1251_050425,1304000,PC,6,,,,Consumption,2025-05-14T19:18:50.827Z,DKIBOWEN,Pending,false,
P00_G1251_050425,1305000,H224397,6,,,,Consumption,2025-05-14T19:18:50.827Z,DKIBOWEN,Pending,false,
P00_G1251_050425,1306000,PC,6,,,,Consumption,2025-05-14T19:18:50.827Z,DKIBOWEN,Pending,false,
P00_G1251_050425,1307000,J31100213,6,,,,Output,2025-05-14T19:18:50.827Z,DKIBOWEN,Pending,false,
P00_G1251_050425,1308000,KG,6,,,,Output,2025-05-14T19:18:50.827Z,DKIBOWEN,Pending,false,
P00_G1251_050425,1309000,P20_J31100390_050425,20,,,,Output,2025-05-14T19:18:50.827Z,DKIBOWEN,Pending,false,
P00_G1251_050425,1310000,G2432,4,,,,Consumption,2025-05-14T19:18:50.827Z,DKIBOWEN,Pending,false,
P00_G1251_050425,1311000,KG,4,,,,Consumption,2025-05-14T19:18:50.827Z,DKIBOWEN,Pending,false,
P00_G1251_050425,1312000,H223005,4,,,,Consumption,2025-05-14T19:18:50.827Z,DKIBOWEN,Pending,false,
P00_G1251_050425,1313000,ROLL,4,,,,Consumption,2025-05-14T19:18:50.827Z,DKIBOWEN,Pending,false,
P00_G1251_050425,1314000,H223006,4,,,,Consumption,2025-05-14T19:18:50.827Z,DKIBOWEN,Pending,false,
P00_G1251_050425,1315000,PC,4,,,,Consumption,2025-05-14T19:18:50.827Z,DKIBOWEN,Pending,false,
P00_G1251_050425,1316000,H224548,4,,,,Consumption,2025-05-14T19:18:50.827Z,DKIBOWEN,Pending,false,
P00_G1251_050425,1317000,PC,4,,,,Consumption,2025-05-14T19:18:50.827Z,DKIBOWEN,Pending,false,
P00_G1251_050425,1318000,J31100390,4,,,,Output,2025-05-14T19:18:50.827Z,DKIBOWEN,Pending,false,
P00_G1251_050425,1319000,KG,4,,,,Output,2025-05-14T19:18:50.827Z,DKIBOWEN,Pending,false,
P00_G1251_050425,1320000,P20_J31100391_050425,5,,,,Output,2025-05-14T19:18:50.827Z,DKIBOWEN,Pending,false,
P00_G1251_050425,1321000,G2432,1,,,,Consumption,2025-05-14T19:18:50.827Z,DKIBOWEN,Pending,false,
P00_G1251_050425,1322000,KG,1,,,,Consumption,2025-05-14T19:18:50.827Z,DKIBOWEN,Pending,false,
P00_G1251_050425,1323000,H223001,1,,,,Consumption,2025-05-14T19:18:50.827Z,DKIBOWEN,Pending,false,
P00_G1251_050425,1324000,ROLL,1,,,,Consumption,2025-05-14T19:18:50.827Z,DKIBOWEN,Pending,false,
P00_G1251_050425,1325000,H223008,1,,,,Consumption,2025-05-14T19:18:50.827Z,DKIBOWEN,Pending,false,
P00_G1251_050425,1326000,PC,1,,,,Consumption,2025-05-14T19:18:50.827Z,DKIBOWEN,Pending,false,
P00_G1251_050425,1327000,H224038,1,,,,Consumption,2025-05-14T19:18:50.827Z,DKIBOWEN,Pending,false,
P00_G1251_050425,1328000,PC,1,,,,Consumption,2025-05-14T19:18:50.827Z,DKIBOWEN,Pending,false,
P00_G1251_050425,1329000,J31100391,1,,,,Output,2025-05-14T19:18:50.827Z,DKIBOWEN,Pending,false,
P00_G1251_050425,1330000,KG,1,,,,Output,2025-05-14T19:18:50.827Z,DKIBOWEN,Pending,false,
P00_G1251_050425,1331000,P20_J31100401_050425,12,,,,Output,2025-05-14T19:18:50.827Z,DKIBOWEN,Pending,false,
P00_G1251_050425,1332000,G2411,3,,,,Consumption,2025-05-14T19:18:50.827Z,DKIBOWEN,Pending,false,
P00_G1251_050425,1333000,KG,3,,,,Consumption,2025-05-14T19:18:50.827Z,DKIBOWEN,Pending,false,
P00_G1251_050425,1334000,H123036,3,,,,Consumption,2025-05-14T19:18:50.827Z,DKIBOWEN,Pending,false,
P00_G1251_050425,1335000,MTR,3,,,,Consumption,2025-05-14T19:18:50.827Z,DKIBOWEN,Pending,false,
P00_G1251_050425,1336000,H223041,3,,,,Consumption,2025-05-14T19:18:50.827Z,DKIBOWEN,Pending,false,
P00_G1251_050425,1337000,KG,3,,,,Consumption,2025-05-14T19:18:50.827Z,DKIBOWEN,Pending,false,
P00_G1251_050425,1338000,J31100401,3,,,,Output,2025-05-14T19:18:50.827Z,DKIBOWEN,Pending,false,
P00_G1251_050425,1339000,KG,3,,,,Output,2025-05-14T19:18:50.827Z,DKIBOWEN,Pending,false,
P00_G1251_050425,1340000,P20_J31120160_050425,4,,,,Output,2025-05-14T19:18:50.827Z,DKIBOWEN,Pending,false,
P00_G1251_050425,1341000,G2295,1,,,,Consumption,2025-05-14T19:18:50.827Z,DKIBOWEN,Pending,false,
P00_G1251_050425,1342000,KG,1,,,,Consumption,2025-05-14T19:18:50.827Z,DKIBOWEN,Pending,false,
P00_G1251_050425,1343000,H221003,1,,,,Consumption,2025-05-14T19:18:50.827Z,DKIBOWEN,Pending,false,
P00_G1251_050425,1344000,PC,1,,,,Consumption,2025-05-14T19:18:50.827Z,DKIBOWEN,Pending,false,
P00_G1251_050425,1345000,H224655,1,,,,Consumption,2025-05-14T19:18:50.827Z,DKIBOWEN,Pending,false,
P00_G1251_050425,1346000,PC,1,,,,Consumption,2025-05-14T19:18:50.827Z,DKIBOWEN,Pending,false,
P00_G1251_050425,1347000,J31120160,1,,,,Output,2025-05-14T19:18:50.827Z,DKIBOWEN,Pending,false,
P00_G1251_050425,1348000,KG,1,,,,Output,2025-05-14T19:18:50.827Z,DKIBOWEN,Pending,false,
P00_G1251_050425,1349000,P21_J31015820_050425,4,,,,Output,2025-05-14T19:18:50.827Z,DKIBOWEN,Pending,false,
P00_G1251_050425,1350000,G4114,1,,,,Consumption,2025-05-14T19:18:50.827Z,DKIBOWEN,Pending,false,
P00_G1251_050425,1351000,KG,1,,,,Consumption,2025-05-14T19:18:50.827Z,DKIBOWEN,Pending,false,
P00_G1251_050425,1352000,H123036,1,,,,Consumption,2025-05-14T19:18:50.827Z,DKIBOWEN,Pending,false,
P00_G1251_050425,1353000,MTR,1,,,,Consumption,2025-05-14T19:18:50.827Z,DKIBOWEN,Pending,false,
P00_G1251_050425,1354000,H223058,1,,,,Consumption,2025-05-14T19:18:50.827Z,DKIBOWEN,Pending,false,
P00_G1251_050425,1355000,KG,1,,,,Consumption,2025-05-14T19:18:50.827Z,DKIBOWEN,Pending,false,
P00_G1251_050425,1356000,J31015820,1,,,,Output,2025-05-14T19:18:50.827Z,DKIBOWEN,Pending,false,
P00_G1251_050425,1357000,KG,1,,,,Output,2025-05-14T19:18:50.827Z,DKIBOWEN,Pending,false,
P00_G1251_050425,1358000,SP__G1291_050425,636,,,,Output,2025-05-14T19:18:50.827Z,DKIBOWEN,Pending,false,
P00_G1251_050425,1359000,G1126,148,,,,Consumption,2025-05-14T19:18:50.827Z,DKIBOWEN,Pending,false,
P00_G1251_050425,1360000,KG,148,,,,Consumption,2025-05-14T19:18:50.827Z,DKIBOWEN,Pending,false,
P00_G1251_050425,1361000,G1164,111,,,,Consumption,2025-05-14T19:18:50.827Z,DKIBOWEN,Pending,false,
P00_G1251_050425,1362000,KG,111,,,,Consumption,2025-05-14T19:18:50.827Z,DKIBOWEN,Pending,false,
P00_G1251_050425,1363000,G1189,35,,,,Consumption,2025-05-14T19:18:50.827Z,DKIBOWEN,Pending,false,
P00_G1251_050425,1364000,KG,35,,,,Consumption,2025-05-14T19:18:50.827Z,DKIBOWEN,Pending,false,
P00_G1251_050425,1365000,G1229,21,,,,Consumption,2025-05-14T19:18:50.827Z,DKIBOWEN,Pending,false,
P00_G1251_050425,1366000,KG,21,,,,Consumption,2025-05-14T19:18:50.827Z,DKIBOWEN,Pending,false,
P00_G1251_050425,1367000,G1319,3,,,,Consumption,2025-05-14T19:18:50.827Z,DKIBOWEN,Pending,false,
P00_G1251_050425,1368000,KG,3,,,,Consumption,2025-05-14T19:18:50.827Z,DKIBOWEN,Pending,false,
P00_G1251_050425,1369000,G1291,318,,,,Output,2025-05-14T19:18:50.827Z,DKIBOWEN,Pending,false,
P00_G1251_050425,1370000,KG,318,,,,Output,2025-05-14T19:18:50.827Z,DKIBOWEN,Pending,false,
P00_G1251_050425,1371000,Grand Total,7611,,,,Output,2025-05-14T19:18:50.827Z,DKIBOWEN,Pending,false,